Slot,Bus1,Bus2,Bus3,Bus4,Bus6,Bus7,Bus11,Bus12,Bus13,Bus14,Bus15,Bus16,Bus17,Bus18,Bus19,Bus20,Bus21,Bus22,Bus23,Bus27,Bus28,Bus29,Bus31,Bus32,Bus70,Bus74,Bus75,Bus114,Bus115,Bus117,Bus33,Bus34,Bus35,Bus36,Bus39,Bus40,Bus41,Bus42,Bus43,Bus44,Bus45,Bus46,Bus47,Bus48,Bus49,Bus50,Bus51,Bus52,Bus53,Bus54,Bus55,Bus56,Bus57,Bus58,Bus59,Bus60,Bus62,Bus66,Bus67,Bus76,Bus77,Bus78,Bus79,Bus80,Bus97,Bus98,Bus118,Bus82,Bus83,Bus84,Bus85,Bus86,Bus88,Bus90,Bus92,Bus93,Bus94,Bus95,Bus96,Bus100,Bus101,Bus102,Bus103,Bus104,Bus105,Bus106,Bus107,Bus108,Bus109,Bus110,Bus112,LOAD
1,248.7714,97.5511,190.2316,146.3496,253.6421,92.6805,341.4519,229.2428,165.8323,68.2812,439.003,121.9504,52.3634,292.6533,219.5015,87.8098,68.2812,48.7985,34.1406,302.4406,82.9391,117.0797,209.7602,287.7827,303.2677,312.4576,215.9634,39.0113,107.2924,97.5511,24.8412,63.7102,35.6342,33.4776,27.4657,20.1281,37.6382,37.6382,18.3105,16.276,53.9141,28.4829,34.5864,20.345,88.5005,17.2932,17.2932,18.3105,23.3967,114.949,64.0866,85.4488,12.207,12.207,281.7775,79.3453,78.3281,39.6727,28.4829,69.1728,62.0521,72.2246,39.6727,132.2422,15.2587,34.5864,33.5692,196.5038,72.7792,40.0286,87.335,76.4182,174.6701,283.8389,236.5324,43.6675,109.1688,152.8363,138.2805,134.6415,80.0571,18.1948,83.6961,138.2805,112.8078,156.4753,100.5356,7.2779,29.1117,141.9194,90.974,9852.639
2,246.502175,96.661275,188.49635,145.01465,251.32845,91.835075,338.33725,227.151725,164.319625,67.65835,434.998525,120.838,51.885775,289.9838,217.499275,87.008825,67.65835,48.353375,33.829175,299.681825,82.18255,116.011725,207.846825,285.157625,300.501375,309.60745,213.993425,38.65545,106.313725,96.661275,24.541875,62.9425,35.204825,33.0742,27.13475,19.88555,37.18465,37.18465,18.08985,16.079875,53.26445,28.1397,34.16965,20.099825,87.4341,17.084825,17.084825,18.08985,23.114775,113.5639,63.314375,84.419175,12.0599,12.0599,278.382175,78.3892,77.38425,39.19465,28.1397,68.3393,61.3044,71.3543,39.19465,130.648725,15.07485,34.16965,33.1647,187.746675,69.535825,38.244725,83.44295,73.01265,166.885975,271.189725,225.991425,41.721475,104.303725,146.0252,132.118075,128.64125,76.4894,17.38395,79.9662,132.118075,107.78055,149.502025,96.05525,6.953575,27.81435,135.594825,86.919775,9661.37345
3,244.23295,95.77145,186.7611,143.6797,249.0148,90.98965,335.2226,225.06065,162.80695,67.0355,430.99405,119.7256,51.40815,287.3143,215.49705,86.20785,67.0355,47.90825,33.51775,296.92305,81.426,114.94375,205.93345,282.53255,297.73505,306.7573,212.02345,38.2996,105.33505,95.77145,24.24255,62.1748,34.77545,32.6708,26.8038,19.643,36.7311,36.7311,17.8692,15.88375,52.6148,27.7965,33.7529,19.85465,86.3677,16.87645,16.87645,17.8692,22.83285,112.1788,62.54215,83.38955,11.9128,11.9128,274.98685,77.4331,76.4404,38.7166,27.7965,67.5058,60.5567,70.484,38.7166,129.05525,14.891,33.7529,32.7602,178.98955,66.29245,36.46085,79.5509,69.6071,159.10185,258.54055,215.45045,39.77545,99.43865,139.2141,125.95565,122.641,72.9217,16.5731,76.2363,125.95565,102.7533,142.52875,91.5749,6.62925,26.517,129.27025,82.86555,9470.1079
4,241.963725,94.881625,185.02585,142.34475,246.70115,90.144225,332.10795,222.969575,161.294275,66.41265,426.989575,118.6132,50.930525,284.6448,213.494825,85.406875,66.41265,47.463125,33.206325,294.164275,80.66945,113.875775,204.020075,279.907475,294.968725,303.90715,210.053475,37.94375,104.356375,94.881625,23.943225,61.4071,34.346075,32.2674,26.47285,19.40045,36.27755,36.27755,17.64855,15.687625,51.96515,27.4533,33.33615,19.609475,85.3013,16.668075,16.668075,17.64855,22.550925,110.7937,61.769925,82.359925,11.7657,11.7657,271.591525,76.477,75.49655,38.23855,27.4533,66.6723,59.809,69.6137,38.23855,127.461775,14.70715,33.33615,32.3557,170.232425,63.049075,34.676975,75.65885,66.20155,151.317725,245.891375,204.909475,37.829425,94.573575,132.403,119.793225,116.64075,69.354,15.76225,72.5064,119.793225,97.72605,135.555475,87.09455,6.304925,25.21965,122.945675,78.811325,9278.84235
5,239.6945,93.9918,183.2906,141.0098,244.3875,89.2988,328.9933,220.8785,159.7816,65.7898,422.9851,117.5008,50.4529,281.9753,211.4926,84.6059,65.7898,47.018,32.8949,291.4055,79.9129,112.8078,202.1067,277.2824,292.2024,301.057,208.0835,37.5879,103.3777,93.9918,23.6439,60.6394,33.9167,31.864,26.1419,19.1579,35.824,35.824,17.4279,15.4915,51.3155,27.1101,32.9194,19.3643,84.2349,16.4597,16.4597,17.4279,22.269,109.4086,60.9977,81.3303,11.6186,11.6186,268.1962,75.5209,74.5527,37.7605,27.1101,65.8388,59.0613,68.7434,37.7605,125.8683,14.5233,32.9194,31.9512,161.4753,59.8057,32.8931,71.7668,62.796,143.5336,233.2422,194.3685,35.8834,89.7085,125.5919,113.6308,110.6405,65.7863,14.9514,68.7765,113.6308,92.6988,128.5822,82.6142,5.9806,23.9223,116.6211,74.7571,9087.5768
6,236.0465,92.5613,180.501025,138.863725,240.66805,87.939725,323.986225,217.51685,157.349825,64.788525,416.547525,115.7125,49.685025,277.6838,208.2738,83.31825,64.788525,46.302425,32.39425,286.970475,78.696675,111.09095,199.03075,273.062325,287.75525,296.4751,204.9166,37.015825,101.80435,92.5613,23.351775,59.89025,33.497675,31.47035,25.818925,18.921225,35.381425,35.381425,17.2126,15.3001,50.681525,26.775175,32.5127,19.125075,83.194225,16.25635,16.25635,17.2126,21.993875,108.0569,60.2441,80.3255,11.47505,11.47505,264.88275,74.587875,73.63165,37.293975,26.775175,65.0254,58.331625,67.894125,37.293975,124.31325,14.34385,32.5127,31.55645,159.908625,59.22545,32.573975,71.0705,62.186725,142.141,230.9792,192.48265,35.53525,88.838125,124.373375,112.5283,109.567025,65.148,14.80635,68.109225,112.5283,91.7994,127.33465,81.81265,5.922575,23.6902,115.4896,74.031775,8966.6434
7,232.3985,91.1308,177.71145,136.71765,236.9486,86.58065,318.97915,214.1552,154.91805,63.78725,410.10995,113.9242,48.91715,273.3923,205.055,82.0306,63.78725,45.58685,31.8936,282.53545,77.48045,109.3741,195.9548,268.84225,283.3081,291.8932,201.7497,36.44375,100.231,91.1308,23.05965,59.1411,33.07865,31.0767,25.49595,18.68455,34.93885,34.93885,16.9973,15.1087,50.04755,26.44025,32.106,18.88585,82.15355,16.053,16.053,16.9973,21.71875,106.7052,59.4905,79.3207,11.3315,11.3315,261.5693,73.65485,72.7106,36.82745,26.44025,64.212,57.60195,67.04485,36.82745,122.7582,14.1644,32.106,31.1617,158.34195,58.6452,32.25485,70.3742,61.57745,140.7484,228.7162,190.5968,35.1871,87.96775,123.15485,111.4258,108.49355,64.5097,14.6613,67.44195,111.4258,90.9,126.0871,81.0111,5.86455,23.4581,114.3581,73.30645,8845.71
8,228.7505,89.7003,174.921875,134.571575,233.22915,85.221575,313.972075,210.79355,152.486275,62.785975,403.672375,112.1359,48.149275,269.1008,201.8362,80.74295,62.785975,44.871275,31.39295,278.100425,76.264225,107.65725,192.87885,264.622175,278.86095,287.3113,198.5828,35.871675,98.65765,89.7003,22.767525,58.39195,32.659625,30.68305,25.172975,18.447875,34.496275,34.496275,16.782,14.9173,49.413575,26.105325,31.6993,18.646625,81.112875,15.84965,15.84965,16.782,21.443625,105.3535,58.7369,78.3159,11.18795,11.18795,258.25585,72.721825,71.78955,36.360925,26.105325,63.3986,56.872275,66.195575,36.360925,121.20315,13.98495,31.6993,30.76695,156.775275,58.06495,31.935725,69.6779,60.968175,139.3558,226.4532,188.71095,34.83895,87.097375,121.936325,110.3233,107.420075,63.8714,14.51625,66.774675,110.3233,90.0006,124.83955,80.20955,5.806525,23.226,113.2266,72.581125,8724.7766
9,225.1025,88.2698,172.1323,132.4255,229.5097,83.8625,308.965,207.4319,150.0545,61.7847,397.2348,110.3476,47.3814,264.8093,198.6174,79.4553,61.7847,44.1557,30.8923,273.6654,75.048,105.9404,189.8029,260.4021,274.4138,282.7294,195.4159,35.2996,97.0843,88.2698,22.4754,57.6428,32.2406,30.2894,24.85,18.2112,34.0537,34.0537,16.5667,14.7259,48.7796,25.7704,31.2926,18.4074,80.0722,15.6463,15.6463,16.5667,21.1685,104.0018,57.9833,77.3111,11.0444,11.0444,254.9424,71.7888,70.8685,35.8944,25.7704,62.5852,56.1426,65.3463,35.8944,119.6481,13.8055,31.2926,30.3722,155.2086,57.4847,31.6166,68.9816,60.3589,137.9632,224.1902,186.8251,34.4908,86.227,120.7178,109.2208,106.3466,63.2331,14.3712,66.1074,109.2208,89.1012,123.592,79.408,5.7485,22.9939,112.0951,71.8558,8603.8432
10,223.928675,87.8095,171.2347,131.73495,228.3129,83.4252,307.35385,206.350225,149.272,61.4625,395.16335,109.772175,47.134325,263.428425,197.581675,79.04095,61.4625,43.92545,30.731225,272.238325,74.65665,105.38795,188.81315,259.0442,272.982825,281.255075,194.396875,35.115525,96.578025,87.8095,22.243125,57.047075,31.9074,29.97635,24.593175,18.023,33.70175,33.70175,16.395475,14.573725,48.275475,25.50405,30.9692,18.21715,79.24465,15.4846,15.4846,16.395475,20.949725,102.92695,57.38405,76.5121,10.930275,10.930275,252.307625,71.046875,70.136075,35.52345,25.50405,61.938375,55.562375,64.67095,35.52345,118.41155,13.662825,30.9692,30.0583,153.40275,56.81585,31.248725,68.179,59.656625,136.358,221.58175,184.6514,34.0895,85.22375,119.31325,107.950025,105.109275,62.4974,14.203975,65.338225,107.950025,88.064525,122.154025,78.4841,5.6816,22.72635,110.790875,71.019775,8536.57995
11,222.75485,87.3492,170.3371,131.0444,227.1161,82.9879,305.7427,205.26855,148.4895,61.1403,393.0919,109.19675,46.88725,262.04755,196.54595,78.6266,61.1403,43.6952,30.57015,270.81125,74.2653,104.8355,187.8234,257.6863,271.55185,279.78075,193.37785,34.93145,96.07175,87.3492,22.01085,56.45135,31.5742,29.6633,24.33635,17.8348,33.3498,33.3498,16.22425,14.42155,47.77135,25.2377,30.6458,18.0269,78.4171,15.3229,15.3229,16.22425,20.73095,101.8521,56.7848,75.7131,10.81615,10.81615,249.67285,70.30495,69.40365,35.1525,25.2377,61.29155,54.98215,63.9956,35.1525,117.175,13.52015,30.6458,29.7444,151.5969,56.147,30.88085,67.3764,58.95435,134.7528,218.9733,182.4777,33.6882,84.2205,117.9087,106.67925,103.87195,61.7617,14.03675,64.56905,106.67925,87.02785,120.71605,77.5602,5.6147,22.4588,109.48665,70.18375,8469.3167
12,221.581025,86.8889,169.4395,130.35385,225.9193,82.5506,304.13155,204.186875,147.707,60.8181,391.02045,108.621325,46.640175,260.666675,195.510225,78.21225,60.8181,43.46495,30.409075,269.384175,73.87395,104.28305,186.83365,256.3284,270.120875,278.306425,192.358825,34.747375,95.565475,86.8889,21.778575,55.855625,31.241,29.35025,24.079525,17.6466,32.99785,32.99785,16.053025,14.269375,47.267225,24.97135,30.3224,17.83665,77.58955,15.1612,15.1612,16.053025,20.512175,100.77725,56.18555,74.9141,10.702025,10.702025,247.038075,69.563025,68.671225,34.78155,24.97135,60.644725,54.401925,63.32025,34.78155,115.93845,13.377475,30.3224,29.4305,149.79105,55.47815,30.512975,66.5738,58.252075,133.1476,216.36485,180.304,33.2869,83.21725,116.50415,105.408475,102.634625,61.026,13.869525,63.799875,105.408475,85.991175,119.278075,76.6363,5.5478,22.19125,108.182425,69.347725,8402.05345
13,220.4072,86.4286,168.5419,129.6633,224.7225,82.1133,302.5204,203.1052,146.9245,60.4959,388.949,108.0459,46.3931,259.2858,194.4745,77.7979,60.4959,43.2347,30.248,267.9571,73.4826,103.7306,185.8439,254.9705,268.6899,276.8321,191.3398,34.5633,95.0592,86.4286,21.5463,55.2599,30.9078,29.0372,23.8227,17.4584,32.6459,32.6459,15.8818,14.1172,46.7631,24.705,29.999,17.6464,76.762,14.9995,14.9995,15.8818,20.2934,99.7024,55.5863,74.1151,10.5879,10.5879,244.4033,68.8211,67.9388,34.4106,24.705,59.9979,53.8217,62.6449,34.4106,114.7019,13.2348,29.999,29.1166,147.9852,54.8093,30.1451,65.7712,57.5498,131.5424,213.7564,178.1303,32.8856,82.214,115.0996,104.1377,101.3973,60.2903,13.7023,63.0307,104.1377,84.9545,117.8401,75.7124,5.4809,21.9237,106.8782,68.5117,8334.7902
14,220.023925,86.2783,168.248825,129.437825,224.331725,81.9705,301.99435,202.752,146.669025,60.390725,388.272675,107.858025,46.312425,258.834925,194.136325,77.662625,60.390725,43.1595,30.1954,267.49115,73.354825,103.550225,185.520725,254.527125,268.222675,276.3507,191.007075,34.5032,94.8939,86.2783,21.4046,54.896475,30.704525,28.84625,23.666025,17.343575,32.4312,32.4312,15.77735,14.02435,46.45555,24.542525,29.8017,17.53035,76.257175,14.90085,14.90085,15.77735,20.15995,99.0467,55.220725,73.627675,10.51825,10.51825,242.795975,68.3685,67.492,34.1843,24.542525,59.603325,53.467725,62.2329,34.1843,113.94755,13.147775,29.8017,28.925125,146.8945,54.40535,29.922925,65.28645,57.125625,130.572875,212.180925,176.817425,32.643225,81.60805,114.251275,103.370175,100.64995,59.845925,13.601325,62.56615,103.370175,84.32835,116.971575,75.154375,5.4405,21.762125,106.090475,68.006725,8300.963325
15,219.64065,86.128,167.95575,129.21235,223.94095,81.8277,301.4683,202.3988,146.41355,60.28555,387.59635,107.67015,46.23175,258.38405,193.79815,77.52735,60.28555,43.0843,30.1428,267.0252,73.22705,103.36985,185.19755,254.08375,267.75545,275.8693,190.67435,34.4431,94.7286,86.128,21.2629,54.53305,30.50125,28.6553,23.50935,17.22875,32.2165,32.2165,15.6729,13.9315,46.148,24.38005,29.6044,17.4143,75.75235,14.8022,14.8022,15.6729,20.0265,98.391,54.85515,73.14025,10.4486,10.4486,241.18865,67.9159,67.0452,33.958,24.38005,59.20875,53.11375,61.8209,33.958,113.1932,13.06075,29.6044,28.73365,145.8038,54.0014,29.70075,64.8017,56.70145,129.60335,210.60545,175.50455,32.40085,81.0021,113.40295,102.60265,99.9026,59.40155,13.50035,62.1016,102.60265,83.7022,116.10305,74.59635,5.4001,21.60055,105.30275,67.50175,8267.13645
16,219.257375,85.9777,167.662675,128.986875,223.550175,81.6849,300.94225,202.0456,146.158075,60.180375,386.920025,107.482275,46.151075,257.933175,193.459975,77.392075,60.180375,43.0091,30.0902,266.55925,73.099275,103.189475,184.874375,253.640375,267.288225,275.3879,190.341625,34.383,94.5633,85.9777,21.1212,54.169625,30.297975,28.46435,23.352675,17.113925,32.0018,32.0018,15.56845,13.83865,45.84045,24.217575,29.4071,17.29825,75.247525,14.70355,14.70355,15.56845,19.89305,97.7353,54.489575,72.652825,10.37895,10.37895,239.581325,67.4633,66.5984,33.7317,24.217575,58.814175,52.759775,61.4089,33.7317,112.43885,12.973725,29.4071,28.542175,144.7131,53.59745,29.478575,64.31695,56.277275,128.633825,209.029975,174.191675,32.158475,80.39615,112.554625,101.835125,99.15525,58.957175,13.399375,61.63705,101.835125,83.07605,115.234525,74.038325,5.3597,21.438975,104.515025,66.996775,8233.309575
17,218.8741,85.8274,167.3696,128.7614,223.1594,81.5421,300.4162,201.6924,145.9026,60.0752,386.2437,107.2944,46.0704,257.4823,193.1218,77.2568,60.0752,42.9339,30.0376,266.0933,72.9715,103.0091,184.5512,253.197,266.821,274.9065,190.0089,34.3229,94.398,85.8274,20.9795,53.8062,30.0947,28.2734,23.196,16.9991,31.7871,31.7871,15.464,13.7458,45.5329,24.0551,29.2098,17.1822,74.7427,14.6049,14.6049,15.464,19.7596,97.0796,54.124,72.1654,10.3093,10.3093,237.974,67.0107,66.1516,33.5054,24.0551,58.4196,52.4058,60.9969,33.5054,111.6845,12.8867,29.2098,28.3507,143.6224,53.1935,29.2564,63.8322,55.8531,127.6643,207.4545,172.8788,31.9161,79.7902,111.7063,101.0676,98.4079,58.5128,13.2984,61.1725,101.0676,82.4499,114.366,73.4803,5.3193,21.2774,103.7273,66.4918,8199.4827
18,219.81535,86.1965,168.08935,129.315125,224.1191,81.892775,301.708125,202.559775,146.53005,60.33355,387.904725,107.755825,46.268525,258.5896,193.952325,77.58905,60.33355,43.11855,30.166775,267.237625,73.2853,103.452075,185.34485,254.28585,267.96845,276.088725,190.826025,34.4705,94.803975,86.1965,21.04665,53.978375,30.191,28.363875,23.270225,17.0535,31.888825,31.888825,15.5135,13.789775,45.678625,24.132075,29.303275,17.2372,74.9819,14.65165,14.65165,15.5135,19.822825,97.390275,54.297225,72.396325,10.3423,10.3423,238.73555,67.22515,66.3633,33.6126,24.132075,58.60655,52.5735,61.1921,33.6126,112.041925,12.927925,29.303275,28.441425,143.469375,53.136825,29.225225,63.764175,55.7936,127.528275,207.233475,172.6946,31.8821,79.705175,111.587275,100.9599,98.30305,58.45045,13.284225,61.107325,100.9599,82.36205,114.244125,73.402,5.31365,21.254725,103.616775,66.420975,8222.3914
19,220.7566,86.5656,168.8091,129.86885,225.0788,82.24345,303.00005,203.42715,147.1575,60.5919,389.56575,108.21725,46.46665,259.6969,194.78285,77.9213,60.5919,43.3032,30.29595,268.38195,73.5991,103.89505,186.1385,255.3747,269.1159,277.27095,191.64315,34.6181,95.20995,86.5656,21.1138,54.15055,30.2873,28.45435,23.34445,17.1079,31.99055,31.99055,15.563,13.83375,45.82435,24.20905,29.39675,17.2922,75.2211,14.6984,14.6984,15.563,19.88605,97.70095,54.47045,72.62725,10.3753,10.3753,239.4971,67.4396,66.575,33.7198,24.20905,58.7935,52.7412,61.3873,33.7198,112.39935,12.96915,29.39675,28.53215,143.31635,53.08015,29.19405,63.69615,55.7341,127.39225,207.01245,172.5104,31.8481,79.62015,111.46825,100.8522,98.1982,58.3881,13.27005,61.04215,100.8522,82.2742,114.12225,73.3237,5.308,21.23205,103.50625,66.35015,8245.3001
20,221.69785,86.9347,169.52885,130.422575,226.0385,82.594125,304.291975,204.294525,147.78495,60.85025,391.226775,108.678675,46.664775,260.8042,195.613375,78.25355,60.85025,43.48785,30.425125,269.526275,73.9129,104.338025,186.93215,256.46355,270.26335,278.453175,192.460275,34.7657,95.615925,86.9347,21.18095,54.322725,30.3836,28.544825,23.418675,17.1623,32.092275,32.092275,15.6125,13.877725,45.970075,24.286025,29.490225,17.3472,75.4603,14.74515,14.74515,15.6125,19.949275,98.011625,54.643675,72.858175,10.4083,10.4083,240.25865,67.65405,66.7867,33.827,24.286025,58.98045,52.9089,61.5825,33.827,112.756775,13.010375,29.490225,28.622875,143.163325,53.023475,29.162875,63.628125,55.6746,127.256225,206.791425,172.3262,31.8141,79.535125,111.349225,100.7445,98.09335,58.32575,13.255875,60.976975,100.7445,82.18635,114.000375,73.2454,5.30235,21.209375,103.395725,66.279325,8268.2088
21,222.6391,87.3038,170.2486,130.9763,226.9982,82.9448,305.5839,205.1619,148.4124,61.1086,392.8878,109.1401,46.8629,261.9115,196.4439,78.5858,61.1086,43.6725,30.5543,270.6706,74.2267,104.781,187.7258,257.5524,271.4108,279.6354,193.2774,34.9133,96.0219,87.3038,21.2481,54.4949,30.4799,28.6353,23.4929,17.2167,32.194,32.194,15.662,13.9217,46.1158,24.363,29.5837,17.4022,75.6995,14.7919,14.7919,15.662,20.0125,98.3223,54.8169,73.0891,10.4413,10.4413,241.0202,67.8685,66.9984,33.9342,24.363,59.1674,53.0766,61.7777,33.9342,113.1142,13.0516,29.5837,28.7136,143.0103,52.9668,29.1317,63.5601,55.6151,127.1202,206.5704,172.142,31.7801,79.4501,111.2302,100.6368,97.9885,58.2634,13.2417,60.9118,100.6368,82.0985,113.8785,73.1671,5.2967,21.1867,103.2852,66.2085,8291.1175
22,225.0964,88.267375,172.12765,132.4219,229.503575,83.860275,308.95665,207.4263,150.050425,61.78305,397.2241,110.344675,47.380125,264.802225,198.61205,79.45315,61.78305,44.1545,30.891525,273.658,75.04595,105.937475,189.79775,260.395025,274.406375,282.72175,195.410625,35.29865,97.081675,88.267375,21.41775,54.93005,30.7233,28.86395,23.6805,17.354175,32.451075,32.451075,15.78705,14.032875,46.48405,24.55755,29.819925,17.54115,76.303975,14.91,14.91,15.78705,20.1723,99.107425,55.254625,73.67275,10.524675,10.524675,242.9448,68.41045,67.5334,34.205175,24.55755,59.639875,53.50045,62.271025,34.205175,114.017425,13.155825,29.819925,28.942875,143.836825,53.272925,29.300075,63.92745,55.936525,127.8549,207.764275,173.1369,31.963775,79.9093,111.873075,101.21845,98.554825,58.60015,13.318225,61.26385,101.21845,82.573,114.536675,73.589975,5.3273,21.30915,103.88215,66.59115,8367.384925
23,227.5537,89.23095,174.0067,133.8675,232.00895,84.77575,312.3294,209.6907,151.68845,62.4575,401.5604,111.54925,47.89735,267.69295,200.7802,80.3205,62.4575,44.6365,31.22875,276.6454,75.8652,107.09395,191.8697,263.23765,277.40195,285.8081,197.54385,35.684,98.14145,89.23095,21.5874,55.3652,30.9667,29.0926,23.8681,17.49165,32.70815,32.70815,15.9121,14.14405,46.8523,24.7521,30.05615,17.6801,76.90845,15.0281,15.0281,15.9121,20.3321,99.89255,55.69235,74.2564,10.60805,10.60805,244.8694,68.9524,68.0684,34.47615,24.7521,60.11235,53.9243,62.76435,34.47615,114.92065,13.26005,30.05615,29.17215,144.66335,53.57905,29.46845,64.2948,56.25795,128.5896,208.95815,174.1318,32.14745,80.3685,112.51595,101.8001,99.12115,58.9369,13.39475,61.6159,101.8001,83.0475,115.19485,74.01285,5.3579,21.4316,104.4791,66.9738,8443.65235
24,230.011,90.194525,175.88575,135.3131,234.514325,85.691225,315.70215,211.9551,153.326475,63.13195,405.8967,112.753825,48.414575,270.583675,202.94835,81.18785,63.13195,45.1185,31.565975,279.6328,76.68445,108.250425,193.94165,266.080275,280.397525,288.89445,199.677075,36.06935,99.201225,90.194525,21.75705,55.80035,31.2101,29.32125,24.0557,17.629125,32.965225,32.965225,16.03715,14.255225,47.22055,24.94665,30.292375,17.81905,77.512925,15.1462,15.1462,16.03715,20.4919,100.677675,56.130075,74.84005,10.691425,10.691425,246.794,69.49435,68.6034,34.747125,24.94665,60.584825,54.34815,63.257675,34.747125,115.823875,13.364275,30.292375,29.401425,145.489875,53.885175,29.636825,64.66215,56.579375,129.3243,210.152025,175.1267,32.331125,80.8277,113.158825,102.38175,99.687475,59.27365,13.471275,61.96795,102.38175,83.522,115.853025,74.435725,5.3885,21.55405,105.07605,67.35645,8519.919775
25,232.4683,91.1581,177.7648,136.7587,237.0197,86.6067,319.0749,214.2195,154.9645,63.8064,410.233,113.9584,48.9318,273.4744,205.1165,82.0552,63.8064,45.6005,31.9032,282.6202,77.5037,109.4069,196.0136,268.9229,283.3931,291.9808,201.8103,36.4547,100.261,91.1581,21.9267,56.2355,31.4535,29.5499,24.2433,17.7666,33.2223,33.2223,16.1622,14.3664,47.5888,25.1412,30.5286,17.958,78.1174,15.2643,15.2643,16.1622,20.6517,101.4628,56.5678,75.4237,10.7748,10.7748,248.7186,70.0363,69.1384,35.0181,25.1412,61.0573,54.772,63.751,35.0181,116.7271,13.4685,30.5286,29.6307,146.3164,54.1913,29.8052,65.0295,56.9008,130.059,211.3459,176.1216,32.5148,81.2869,113.8017,102.9634,100.2538,59.6104,13.5478,62.32,102.9634,83.9965,116.5112,74.8586,5.4191,21.6765,105.673,67.7391,8596.1872
26,234.800725,92.072725,179.548375,138.130825,239.3978,87.47565,322.276275,216.368825,156.5193,64.4466,414.349,115.101775,49.42275,276.21825,207.1745,82.878475,64.4466,46.058025,32.2233,285.455825,78.281325,110.504625,197.98025,271.621075,286.236475,294.910325,203.835125,36.82045,101.26695,92.072725,22.15555,56.8224,31.78175,29.8583,24.496325,17.952025,33.569025,33.569025,16.330875,14.516325,48.085425,25.403575,30.847225,18.145425,78.93265,15.4236,15.4236,16.330875,20.867225,102.5217,57.15815,76.210825,10.88725,10.88725,251.314275,70.7672,69.85995,35.383575,25.403575,61.6945,55.3436,64.416325,35.383575,117.9453,13.609075,30.847225,29.93995,148.19145,54.88575,30.18715,65.862875,57.63,131.725725,214.054325,178.378625,32.931475,82.3286,115.260075,104.282875,101.538575,60.3743,13.721425,63.118625,104.282875,85.0729,118.0043,75.817925,5.48855,21.954275,107.0272,68.607175,8688.706475
27,237.13315,92.98735,181.33195,139.50295,241.7759,88.3446,325.47765,218.51815,158.0741,65.0868,418.465,116.24515,49.9137,278.9621,209.2325,83.70175,65.0868,46.51555,32.5434,288.29145,79.05895,111.60235,199.9469,274.31925,289.07985,297.83985,205.85995,37.1862,102.2729,92.98735,22.3844,57.4093,32.11,30.1667,24.74935,18.13745,33.91575,33.91575,16.49955,14.66625,48.58205,25.66595,31.16585,18.33285,79.7479,15.5829,15.5829,16.49955,21.08275,103.5806,57.7485,76.99795,10.9997,10.9997,253.90995,71.4981,70.5815,35.74905,25.66595,62.3317,55.9152,65.08165,35.74905,119.1635,13.74965,31.16585,30.2492,150.0665,55.5802,30.5691,66.69625,58.3592,133.39245,216.76275,180.63565,33.34815,83.3703,116.71845,105.60235,102.82335,61.1382,13.89505,63.91725,105.60235,86.1493,119.4974,76.77725,5.558,22.23205,108.3814,69.47525,8781.22575
28,239.465575,93.901975,183.115525,140.875075,244.154,89.21355,328.679025,220.667475,159.6289,65.727,422.581,117.388525,50.40465,281.70595,211.2905,84.525025,65.727,46.973075,32.8635,291.127075,79.836575,112.700075,201.91355,277.017425,291.923225,300.769375,207.884775,37.55195,103.27885,93.901975,22.61325,57.9962,32.43825,30.4751,25.002375,18.322875,34.262475,34.262475,16.668225,14.816175,49.078675,25.928325,31.484475,18.520275,80.56315,15.7422,15.7422,16.668225,21.298275,104.6395,58.33885,77.785075,11.11215,11.11215,256.505625,72.229,71.30305,36.114525,25.928325,62.9689,56.4868,65.746975,36.114525,120.3817,13.890225,31.484475,30.55845,151.94155,56.27465,30.95105,67.529625,59.0884,135.059175,219.471175,182.892675,33.764825,84.412,118.176825,106.921825,104.108125,61.9021,14.068675,64.715875,106.921825,87.2257,120.9905,77.736575,5.62745,22.509825,109.7356,70.343325,8873.745025
29,241.798,94.8166,184.8991,142.2472,246.5321,90.0825,331.8804,222.8168,161.1837,66.3672,426.697,118.5319,50.8956,284.4498,213.3485,85.3483,66.3672,47.4306,33.1836,293.9627,80.6142,113.7978,203.8802,279.7156,294.7666,303.6989,209.9096,37.9177,104.2848,94.8166,22.8421,58.5831,32.7665,30.7835,25.2554,18.5083,34.6092,34.6092,16.8369,14.9661,49.5753,26.1907,31.8031,18.7077,81.3784,15.9015,15.9015,16.8369,21.5138,105.6984,58.9292,78.5722,11.2246,11.2246,259.1013,72.9599,72.0246,36.48,26.1907,63.6061,57.0584,66.4123,36.48,121.5999,14.0308,31.8031,30.8677,153.8166,56.9691,31.333,68.363,59.8176,136.7259,222.1796,185.1497,34.1815,85.4537,119.6352,108.2413,105.3929,62.666,14.2423,65.5145,108.2413,88.3021,122.4836,78.6959,5.6969,22.7876,111.0898,71.2114,8966.2643
30,244.63865,95.930525,187.0713,143.91835,249.428375,91.1408,335.779375,225.434475,163.077325,67.146875,431.7099,119.924425,51.493525,287.79155,215.85495,86.351,67.146875,47.987825,33.57345,297.416225,81.561275,115.1347,206.275425,283.00175,298.22955,307.2668,212.375625,38.363175,105.509975,95.930525,22.96065,58.88715,32.936575,30.943275,25.386475,18.60435,34.788825,34.788825,16.9243,15.0438,49.832625,26.32665,31.96815,18.8048,81.800775,15.98405,15.98405,16.9243,21.625475,106.247,59.23505,78.980025,11.28285,11.28285,260.446125,73.3386,72.398425,36.669325,26.32665,63.936225,57.35455,66.757,36.669325,122.23105,14.103625,31.96815,31.0279,155.93725,57.754525,31.764975,69.3055,60.6423,138.6109,225.24275,187.7023,34.65275,86.631825,121.284575,109.7336,106.845925,63.529975,14.43865,66.417725,109.7336,89.519525,124.17225,79.78085,5.77545,23.101775,112.621375,72.193175,9064.627925
31,247.4793,97.04445,189.2435,145.5895,252.32465,92.1991,339.67835,228.05215,164.97095,67.92655,436.7228,121.31695,52.09145,291.1333,218.3614,87.3537,67.92655,48.54505,33.9633,300.86975,82.50835,116.4716,208.67065,286.2879,301.6925,310.8347,214.84165,38.80865,106.73515,97.04445,23.0792,59.1912,33.10665,31.10305,25.51755,18.7004,34.96845,34.96845,17.0117,15.1215,50.08995,26.4626,32.1332,18.9019,82.22315,16.0666,16.0666,17.0117,21.73715,106.7956,59.5409,79.38785,11.3411,11.3411,261.79095,73.7173,72.77225,36.85865,26.4626,64.26635,57.6507,67.1017,36.85865,122.8622,14.17645,32.1332,31.1881,158.0579,58.53995,32.19695,70.248,61.467,140.4959,228.3059,190.2549,35.124,87.80995,122.93395,111.2259,108.29895,64.39395,14.635,67.32095,111.2259,90.73695,125.8609,80.8658,5.854,23.41595,114.15295,73.17495,9162.99155
32,250.31995,98.158375,191.4157,147.26065,255.220925,93.2574,343.577325,230.669825,166.864575,68.706225,441.7357,122.709475,52.689375,294.47505,220.86785,88.3564,68.706225,49.102275,34.35315,304.323275,83.455425,117.8085,211.065875,289.57405,305.15545,314.4026,217.307675,39.254125,107.960325,98.158375,23.19775,59.49525,33.276725,31.262825,25.648625,18.79645,35.148075,35.148075,17.0991,15.1992,50.347275,26.59855,32.29825,18.999,82.645525,16.14915,16.14915,17.0991,21.848825,107.3442,59.84675,79.795675,11.39935,11.39935,263.135775,74.096,73.146075,37.047975,26.59855,64.596475,57.94685,67.4464,37.047975,123.49335,14.249275,32.29825,31.3483,160.17855,59.325375,32.628925,71.1905,62.2917,142.3809,231.36905,192.8075,35.59525,88.988075,124.583325,112.7182,109.751975,65.257925,14.83135,68.224175,112.7182,91.954375,127.54955,81.95075,5.93255,23.730125,115.684525,74.156725,9261.355175
33,253.1606,99.2723,193.5879,148.9318,258.1172,94.3157,347.4763,233.2875,168.7582,69.4859,446.7486,124.102,53.2873,297.8168,223.3743,89.3591,69.4859,49.6595,34.743,307.7768,84.4025,119.1454,213.4611,292.8602,308.6184,317.9705,219.7737,39.6996,109.1855,99.2723,23.3163,59.7993,33.4468,31.4226,25.7797,18.8925,35.3277,35.3277,17.1865,15.2769,50.6046,26.7345,32.4633,19.0961,83.0679,16.2317,16.2317,17.1865,21.9605,107.8928,60.1526,80.2035,11.4576,11.4576,264.4806,74.4747,73.5199,37.2373,26.7345,64.9266,58.243,67.7911,37.2373,124.1245,14.3221,32.4633,31.5085,162.2992,60.1108,33.0609,72.133,63.1164,144.2659,234.4322,195.3601,36.0665,90.1662,126.2327,114.2105,111.205,66.1219,15.0277,69.1274,114.2105,93.1718,129.2382,83.0357,6.0111,24.0443,117.2161,75.1385,9359.7188
34,255.584375,100.222725,195.441325,150.357675,260.588425,95.218675,350.80305,235.521,170.3739,70.151175,451.025775,125.290175,53.797475,300.6681,225.5129,90.214625,70.151175,50.13495,35.075625,310.72345,85.21055,120.2861,215.504775,295.66405,311.573125,321.014775,221.877825,40.079675,110.230825,100.222725,23.541275,60.3763,33.7695,31.725775,26.02845,19.0748,35.668575,35.668575,17.352325,15.4243,51.092875,26.99245,32.776525,19.28035,83.8694,16.3883,16.3883,17.352325,22.172375,108.933825,60.733,80.97735,11.56815,11.56815,267.0325,75.193275,74.229275,37.5966,26.99245,65.553075,58.804975,68.445175,37.5966,125.322125,14.460275,32.776525,31.812525,166.402575,61.630575,33.896775,73.956725,64.71215,147.913375,240.3593,200.299375,36.97835,92.44585,129.424225,117.098075,114.016575,67.79365,15.40765,70.87515,117.098075,95.527425,132.505725,85.135075,6.163075,24.652225,120.17965,77.038225,9484.569475
35,258.00815,101.17315,197.29475,151.78355,263.05965,96.12165,354.1298,237.7545,171.9896,70.81645,455.30295,126.47835,54.30765,303.5194,227.6515,91.07015,70.81645,50.6104,35.40825,313.6701,86.0186,121.4268,217.54845,298.4679,314.52785,324.05905,223.98195,40.45975,111.27615,101.17315,23.76625,60.9533,34.0922,32.02895,26.2772,19.2571,36.00945,36.00945,17.51815,15.5717,51.58115,27.2504,33.08975,19.4646,84.6709,16.5449,16.5449,17.51815,22.38425,109.97485,61.3134,81.7512,11.6787,11.6787,269.5844,75.91185,74.93865,37.9559,27.2504,66.17955,59.36695,69.09925,37.9559,126.51975,14.59845,33.08975,32.11655,170.50595,63.15035,34.73265,75.78045,66.3079,151.56085,246.2864,205.23865,37.8902,94.7255,132.61575,119.98565,116.82815,69.4654,15.7876,72.6229,119.98565,97.88305,135.77325,87.23445,6.31505,25.26015,123.1432,78.93795,9609.42015
36,260.431925,102.123575,199.148175,153.209425,265.530875,97.024625,357.45655,239.988,173.6053,71.481725,459.580125,127.666525,54.817825,306.3707,229.7901,91.925675,71.481725,51.08585,35.740875,316.61675,86.82665,122.5675,219.592125,301.27175,317.482575,327.103325,226.086075,40.839825,112.321475,102.123575,23.991225,61.5303,34.4149,32.332125,26.52595,19.4394,36.350325,36.350325,17.683975,15.7191,52.069425,27.50835,33.402975,19.64885,85.4724,16.7015,16.7015,17.683975,22.596125,111.015875,61.8938,82.52505,11.78925,11.78925,272.1363,76.630425,75.648025,38.3152,27.50835,66.806025,59.928925,69.753325,38.3152,127.717375,14.736625,33.402975,32.420575,174.609325,64.670125,35.568525,77.604175,67.90365,155.208325,252.2135,210.177925,38.80205,97.00515,135.807275,122.873225,119.639725,71.13715,16.16755,74.37065,122.873225,100.238675,139.040775,89.333825,6.467025,25.868075,126.10675,80.837675,9734.270825
37,262.8557,103.074,201.0016,154.6353,268.0021,97.9276,360.7833,242.2215,175.221,72.147,463.8573,128.8547,55.328,309.222,231.9287,92.7812,72.147,51.5613,36.0735,319.5634,87.6347,123.7082,221.6358,304.0756,320.4373,330.1476,228.1902,41.2199,113.3668,103.074,24.2162,62.1073,34.7376,32.6353,26.7747,19.6217,36.6912,36.6912,17.8498,15.8665,52.5577,27.7663,33.7162,19.8331,86.2739,16.8581,16.8581,17.8498,22.808,112.0569,62.4742,83.2989,11.8998,11.8998,274.6882,77.349,76.3574,38.6745,27.7663,67.4325,60.4909,70.4074,38.6745,128.915,14.8748,33.7162,32.7246,178.7127,66.1899,36.4044,79.4279,69.4994,158.8558,258.1406,215.1172,39.7139,99.2848,138.9988,125.7608,122.4513,72.8089,16.5475,76.1184,125.7608,102.5943,142.3083,91.4332,6.619,26.476,129.0703,82.7374,9859.1215
38,264.556125,103.7408,202.3019,155.63565,269.735825,98.5611,363.117225,243.78845,176.3545,72.6137,466.858025,129.68825,55.685925,311.222375,233.42905,93.3814,72.6137,51.89485,36.30685,321.630675,88.201625,124.508475,223.069575,306.042675,322.510225,332.283325,229.666375,41.48655,114.100175,103.7408,24.5038,62.844925,35.150175,33.0229,27.092675,19.854725,37.126975,37.126975,18.0618,16.054925,53.1819,28.096075,34.11665,20.06865,87.29855,17.058325,17.058325,18.0618,23.0789,113.387775,63.216175,84.288225,12.04115,12.04115,277.950575,78.26765,77.26425,39.133825,28.096075,68.233375,61.209325,71.243625,39.133825,130.4461,15.051475,34.11665,33.11325,182.1014,67.444975,37.0947,80.933975,70.817225,161.867975,263.0354,219.196175,40.46695,101.167425,141.63445,128.14545,124.7732,74.189475,16.86125,77.561725,128.14545,104.539675,145.0067,93.16695,6.7445,26.978025,131.5177,84.306225,9963.516675
39,266.25655,104.4076,203.6022,156.636,271.46955,99.1946,365.45115,245.3554,177.488,73.0804,469.85875,130.5218,56.04385,313.22275,234.9294,93.9816,73.0804,52.2284,36.5402,323.69795,88.76855,125.30875,224.50335,308.00975,324.58315,334.41905,231.14255,41.7532,114.83355,104.4076,24.7914,63.58255,35.56275,33.4105,27.41065,20.08775,37.56275,37.56275,18.2738,16.24335,53.8061,28.42585,34.5171,20.3042,88.3232,17.25855,17.25855,18.2738,23.3498,114.71865,63.95815,85.27755,12.1825,12.1825,281.21295,79.1863,78.1711,39.59315,28.42585,69.03425,61.92775,72.07985,39.59315,131.9772,15.22815,34.5171,33.5019,185.4901,68.70005,37.785,82.44005,72.13505,164.88015,267.9302,223.27515,41.22,103.05005,144.2701,130.5301,127.0951,75.57005,17.175,79.00505,130.5301,106.48505,147.7051,94.9007,6.87,27.48005,133.9651,85.87505,10067.91185
40,267.956975,105.0744,204.9025,157.63635,273.203275,99.8281,367.785075,246.92235,178.6215,73.5471,472.859475,131.35535,56.401775,315.223125,236.42975,94.5818,73.5471,52.56195,36.77355,325.765225,89.335475,126.109025,225.937125,309.976825,326.656075,336.554775,232.618725,42.01985,115.566925,105.0744,25.079,64.320175,35.975325,33.7981,27.728625,20.320775,37.998525,37.998525,18.4858,16.431775,54.4303,28.755625,34.91755,20.53975,89.34785,17.458775,17.458775,18.4858,23.6207,116.049525,64.700125,86.266875,12.32385,12.32385,284.475325,80.10495,79.07795,40.052475,28.755625,69.835125,62.646175,72.916075,40.052475,133.5083,15.404825,34.91755,33.89055,188.8788,69.955125,38.4753,83.946125,73.452875,167.892325,272.825,227.354125,41.97305,104.932675,146.90575,132.91475,129.417,76.950625,17.48875,80.448375,132.91475,108.430425,150.4035,96.63445,6.9955,27.982075,136.4125,87.443875,10172.30703
41,269.6574,105.7412,206.2028,158.6367,274.937,100.4616,370.119,248.4893,179.755,74.0138,475.8602,132.1889,56.7597,317.2235,237.9301,95.182,74.0138,52.8955,37.0069,327.8325,89.9024,126.9093,227.3709,311.9439,328.729,338.6905,234.0949,42.2865,116.3003,105.7412,25.3666,65.0578,36.3879,34.1857,28.0466,20.5538,38.4343,38.4343,18.6978,16.6202,55.0545,29.0854,35.318,20.7753,90.3725,17.659,17.659,18.6978,23.8916,117.3804,65.4421,87.2562,12.4652,12.4652,287.7377,81.0236,79.9848,40.5118,29.0854,70.636,63.3646,73.7523,40.5118,135.0394,15.5815,35.318,34.2792,192.2675,71.2102,39.1656,85.4522,74.7707,170.9045,277.7198,231.4331,42.7261,106.8153,149.5414,135.2994,131.7389,78.3312,17.8025,81.8917,135.2994,110.3758,153.1019,98.3682,7.121,28.4841,138.8599,89.0127,10276.7022
42,270.362375,106.017625,206.74185,159.0514,275.65575,100.724225,371.0866,249.1389,180.224925,74.2073,477.104225,132.534475,56.908075,318.052825,238.5521,95.430825,74.2073,53.033775,37.10365,328.68955,90.137425,127.241075,227.9653,312.759425,329.5884,339.575925,234.7069,42.39705,116.60435,106.017625,25.58685,65.62265,36.70385,34.482525,28.290125,20.732275,38.768,38.768,18.860125,16.7645,55.5325,29.337925,35.62465,20.955675,91.15715,17.812325,17.812325,18.860125,24.099025,118.39955,66.0103,88.0138,12.573425,12.573425,290.235975,81.727075,80.679275,40.86355,29.337925,71.249275,63.914775,74.39265,40.86355,136.21185,15.716775,35.62465,34.576825,194.517325,72.043475,39.6239,86.452125,75.645625,172.90435,280.96955,234.141225,43.226075,108.0652,151.291275,136.8826,133.280425,79.2478,18.010825,82.849975,136.8826,111.667375,154.893425,99.51925,7.204325,28.8174,140.484775,90.0543,10339.23168
43,271.06735,106.29405,207.2809,159.4661,276.3745,100.98685,372.0542,249.7885,180.69485,74.4008,478.34825,132.88005,57.05645,318.88215,239.1741,95.67965,74.4008,53.17205,37.2004,329.5466,90.37245,127.57285,228.5597,313.57495,330.4478,340.46135,235.3189,42.5076,116.9084,106.29405,25.8071,66.1875,37.0198,34.77935,28.53365,20.91075,39.1017,39.1017,19.02245,16.9088,56.0105,29.59045,35.9313,21.13605,91.9418,17.96565,17.96565,19.02245,24.30645,119.4187,66.5785,88.7714,12.68165,12.68165,292.73425,82.43055,81.37375,41.2153,29.59045,71.86255,64.46495,75.033,41.2153,137.3843,15.85205,35.9313,34.87445,196.76715,72.87675,40.0822,87.45205,76.52055,174.9042,284.2193,236.84935,43.72605,109.3151,153.04115,138.4658,134.82195,80.1644,18.21915,83.80825,138.4658,112.95895,156.68495,100.6703,7.28765,29.1507,142.10965,91.0959,10401.76115
44,271.772325,106.570475,207.81995,159.8808,277.09325,101.249475,373.0218,250.4381,181.164775,74.5943,479.592275,133.225625,57.204825,319.711475,239.7961,95.928475,74.5943,53.310325,37.29715,330.40365,90.607475,127.904625,229.1541,314.390475,331.3072,341.346775,235.9309,42.61815,117.21245,106.570475,26.02735,66.75235,37.33575,35.076175,28.777175,21.089225,39.4354,39.4354,19.184775,17.0531,56.4885,29.842975,36.23795,21.316425,92.72645,18.118975,18.118975,19.184775,24.513875,120.43785,67.1467,89.529,12.789875,12.789875,295.232525,83.134025,82.068225,41.56705,29.842975,72.475825,65.015125,75.67335,41.56705,138.55675,15.987325,36.23795,35.172075,199.016975,73.710025,40.5405,88.451975,77.395475,176.90405,287.46905,239.557475,44.226025,110.565,154.791025,140.049,136.363475,81.081,18.427475,84.766525,140.049,114.250525,158.476475,101.82135,7.370975,29.484,143.734525,92.1375,10464.29063
45,272.4773,106.8469,208.359,160.2955,277.812,101.5121,373.9894,251.0877,181.6347,74.7878,480.8363,133.5712,57.3532,320.5408,240.4181,96.1773,74.7878,53.4486,37.3939,331.2607,90.8425,128.2364,229.7485,315.206,332.1666,342.2322,236.5429,42.7287,117.5165,106.8469,26.2476,67.3172,37.6517,35.373,29.0207,21.2677,39.7691,39.7691,19.3471,17.1974,56.9665,30.0955,36.5446,21.4968,93.5111,18.2723,18.2723,19.3471,24.7213,121.457,67.7149,90.2866,12.8981,12.8981,297.7308,83.8375,82.7627,41.9188,30.0955,73.0891,65.5653,76.3137,41.9188,139.7292,16.1226,36.5446,35.4697,201.2668,74.5433,40.9988,89.4519,78.2704,178.9039,290.7188,242.2656,44.726,111.8149,156.5409,141.6322,137.905,81.9976,18.6358,85.7248,141.6322,115.5421,160.268,102.9724,7.4543,29.8173,145.3594,93.1791,10526.8201
46,272.92555,107.022675,208.7018,160.559225,278.26905,101.6791,374.60465,251.500775,181.933525,74.91085,481.62735,133.79095,57.44755,321.068125,240.813625,96.335525,74.91085,53.53655,37.455425,331.805675,90.99195,128.447375,230.126475,315.72455,332.71305,342.795225,236.93205,42.799,117.709825,107.022675,26.3102,67.477725,37.741475,35.45735,29.0899,21.3184,39.863925,39.863925,19.39325,17.238425,57.10235,30.167275,36.631725,21.54805,93.734075,18.315875,18.315875,19.39325,24.78025,121.7466,67.876375,90.5019,12.92885,12.92885,298.44075,84.037425,82.96005,42.01875,30.167275,73.2634,65.721625,76.495675,42.01875,140.0624,16.16105,36.631725,35.554275,202.178275,74.880875,41.184475,89.857,78.624875,179.714075,292.03535,243.362725,44.928525,112.321275,157.2498,142.2736,138.529525,82.368925,18.7202,86.113,142.2736,116.065325,160.9938,103.438725,7.488075,29.952325,146.017675,93.601075,10553.59313
47,273.3738,107.19845,209.0446,160.82295,278.7261,101.8461,375.2199,251.91385,182.23235,75.0339,482.4184,134.0107,57.5419,321.59545,241.20915,96.49375,75.0339,53.6245,37.51695,332.35065,91.1414,128.65835,230.50445,316.2431,333.2595,343.35825,237.3212,42.8693,117.90315,107.19845,26.3728,67.63825,37.83125,35.5417,29.1591,21.3691,39.95875,39.95875,19.4394,17.27945,57.2382,30.23905,36.71885,21.5993,93.95705,18.35945,18.35945,19.4394,24.8392,122.0362,68.03785,90.7172,12.9596,12.9596,299.1507,84.23735,83.1574,42.1187,30.23905,73.4377,65.87795,76.67765,42.1187,140.3956,16.1995,36.71885,35.63885,203.08975,75.21845,41.37015,90.2621,78.97935,180.52425,293.3519,244.45985,45.13105,112.82765,157.9587,142.915,139.15405,82.74025,18.8046,86.5012,142.915,116.58855,161.7196,103.90505,7.52185,30.08735,146.67595,94.02305,10580.36615
48,273.82205,107.374225,209.3874,161.086675,279.18315,102.0131,375.83515,252.326925,182.531175,75.15695,483.20945,134.23045,57.63625,322.122775,241.604675,96.651975,75.15695,53.71245,37.578475,332.895625,91.29085,128.869325,230.882425,316.76165,333.80595,343.921275,237.71035,42.9396,118.096475,107.374225,26.4354,67.798775,37.921025,35.62605,29.2283,21.4198,40.053575,40.053575,19.48555,17.320475,57.37405,30.310825,36.805975,21.65055,94.180025,18.403025,18.403025,19.48555,24.89815,122.3258,68.199325,90.9325,12.99035,12.99035,299.86065,84.437275,83.35475,42.21865,30.310825,73.612,66.034275,76.859625,42.21865,140.7288,16.23795,36.805975,35.723425,204.001225,75.556025,41.555825,90.6672,79.333825,181.334425,294.66845,245.556975,45.333575,113.334025,158.6676,143.5564,139.778575,83.111575,18.889,86.8894,143.5564,117.111775,162.4454,104.371375,7.555625,30.222375,147.334225,94.445025,10607.13918
49,274.2703,107.55,209.7302,161.3504,279.6402,102.1801,376.4504,252.74,182.83,75.28,484.0005,134.4502,57.7306,322.6501,242.0002,96.8102,75.28,53.8004,37.64,333.4406,91.4403,129.0803,231.2604,317.2802,334.3524,344.4843,238.0995,43.0099,118.2898,107.55,26.498,67.9593,38.0108,35.7104,29.2975,21.4705,40.1484,40.1484,19.5317,17.3615,57.5099,30.3826,36.8931,21.7018,94.403,18.4466,18.4466,19.5317,24.9571,122.6154,68.3608,91.1478,13.0211,13.0211,300.5706,84.6372,83.5521,42.3186,30.3826,73.7863,66.1906,77.0416,42.3186,141.062,16.2764,36.8931,35.808,204.9127,75.8936,41.7415,91.0723,79.6883,182.1446,295.985,246.6541,45.5361,113.8404,159.3765,144.1978,140.4031,83.4829,18.9734,87.2776,144.1978,117.635,163.1712,104.8377,7.5894,30.3574,147.9925,94.867,10633.9122
50,274.1436,107.500325,209.6333,161.27585,279.511025,102.1329,376.2765,252.62325,182.745525,75.2452,483.7769,134.388075,57.70395,322.50105,241.8884,96.765475,75.2452,53.775525,37.6226,333.28655,91.39805,129.020675,231.153575,317.133625,334.19795,344.32515,237.9895,42.990025,118.23515,107.500325,26.450375,67.8372,37.9425,35.646225,29.24485,21.431925,40.07625,40.07625,19.4966,17.3303,57.40655,30.328,36.826825,21.662825,94.233375,18.41345,18.41345,19.4966,24.91225,122.395075,68.237975,90.984,12.9977,12.9977,300.0305,84.485125,83.401975,42.24255,30.328,73.6537,66.071675,76.90315,42.24255,140.808525,16.24715,36.826825,35.743675,205.22365,76.008775,41.804825,91.2105,79.809225,182.421025,296.434175,247.028425,45.605225,114.01315,159.618375,144.416625,140.616175,83.6096,19.0022,87.41005,144.416625,117.813525,163.418825,104.9968,7.6009,30.403475,148.217075,95.01095,10631.91905
51,274.0169,107.45065,209.5364,161.2013,279.38185,102.0857,376.1026,252.5065,182.66105,75.2104,483.5533,134.32595,57.6773,322.352,241.7766,96.72075,75.2104,53.75065,37.6052,333.1325,91.3558,128.96105,231.04675,316.98705,334.0435,344.166,237.8795,42.97015,118.1805,107.45065,26.40275,67.7151,37.8742,35.58205,29.1922,21.39335,40.0041,40.0041,19.4615,17.2991,57.3032,30.2734,36.76055,21.62385,94.06375,18.3803,18.3803,19.4615,24.8674,122.17475,68.11515,90.8202,12.9743,12.9743,299.4904,84.33305,83.25185,42.1665,30.2734,73.5211,65.95275,76.7647,42.1665,140.55505,16.2179,36.76055,35.67935,205.5346,76.12395,41.86815,91.3487,79.93015,182.69745,296.88335,247.40275,45.67435,114.1859,159.86025,144.63545,140.82925,83.7363,19.031,87.5425,144.63545,117.99205,163.66645,105.1559,7.6124,30.44955,148.44165,95.1549,10629.9259
52,273.8902,107.400975,209.4395,161.12675,279.252675,102.0385,375.9287,252.38975,182.576575,75.1756,483.3297,134.263825,57.65065,322.20295,241.6648,96.676025,75.1756,53.725775,37.5878,332.97845,91.31355,128.901425,230.939925,316.840475,333.88905,344.00685,237.7695,42.950275,118.12585,107.400975,26.355125,67.593,37.8059,35.517875,29.13955,21.354775,39.93195,39.93195,19.4264,17.2679,57.19985,30.2188,36.694275,21.584875,93.894125,18.34715,18.34715,19.4264,24.82255,121.954425,67.992325,90.6564,12.9509,12.9509,298.9503,84.180975,83.101725,42.09045,30.2188,73.3885,65.833825,76.62625,42.09045,140.301575,16.18865,36.694275,35.615025,205.84555,76.239125,41.931475,91.4869,80.051075,182.973875,297.332525,247.777075,45.743475,114.35865,160.102125,144.854275,141.042325,83.863,19.0598,87.67495,144.854275,118.170575,163.914075,105.315,7.6239,30.495625,148.666225,95.29885,10627.93275
53,273.7635,107.3513,209.3426,161.0522,279.1235,101.9913,375.7548,252.273,182.4921,75.1408,483.1061,134.2017,57.624,322.0539,241.553,96.6313,75.1408,53.7009,37.5704,332.8244,91.2713,128.8418,230.8331,316.6939,333.7346,343.8477,237.6595,42.9304,118.0712,107.3513,26.3075,67.4709,37.7376,35.4537,29.0869,21.3162,39.8598,39.8598,19.3913,17.2367,57.0965,30.1642,36.628,21.5459,93.7245,18.314,18.314,19.3913,24.7777,121.7341,67.8695,90.4926,12.9275,12.9275,298.4102,84.0289,82.9516,42.0144,30.1642,73.2559,65.7149,76.4878,42.0144,140.0481,16.1594,36.628,35.5507,206.1565,76.3543,41.9948,91.6251,80.172,183.2503,297.7817,248.1514,45.8126,114.5314,160.344,145.0731,141.2554,83.9897,19.0886,87.8074,145.0731,118.3491,164.1617,105.4741,7.6354,30.5417,148.8908,95.4428,10625.9396
54,273.622775,107.296125,209.235,160.969425,278.98,101.938875,375.56165,252.143325,182.3983,75.102175,482.85775,134.132725,57.594375,321.88835,241.42885,96.581625,75.102175,53.6733,37.5511,332.653325,91.2244,128.77555,230.71445,316.5311,333.56305,343.670975,237.537325,42.908325,118.010525,107.296125,26.228375,67.26795,37.6241,35.347075,28.999425,21.2521,39.739925,39.739925,19.332975,17.18485,56.924775,30.073475,36.517825,21.4811,93.4426,18.258925,18.258925,19.332975,24.703175,121.367975,67.66535,90.220425,12.888625,12.888625,297.512675,83.77615,82.7021,41.88805,30.073475,73.035575,65.51725,76.25775,41.88805,139.626875,16.1108,36.517825,35.443775,206.46925,76.470125,42.058525,91.7641,80.293625,183.5283,298.23345,248.52785,45.8821,114.70515,160.58725,145.293175,141.4697,84.117125,19.11755,87.9406,145.293175,118.52865,164.41075,105.6341,7.647,30.588025,149.116675,95.5876,10621.29873
55,273.48205,107.24095,209.1274,160.88665,278.8365,101.88645,375.3685,252.01365,182.3045,75.06355,482.6094,134.06375,57.56475,321.7228,241.3047,96.53195,75.06355,53.6457,37.5318,332.48225,91.1775,128.7093,230.5958,316.3683,333.3915,343.49425,237.41515,42.88625,117.94985,107.24095,26.14925,67.065,37.5106,35.24045,28.91195,21.188,39.62005,39.62005,19.27465,17.133,56.75305,29.98275,36.40765,21.4163,93.1607,18.20385,18.20385,19.27465,24.62865,121.00185,67.4612,89.94825,12.84975,12.84975,296.61515,83.5234,82.4526,41.7617,29.98275,72.81525,65.3196,76.0277,41.7617,139.20565,16.0622,36.40765,35.33685,206.782,76.58595,42.12225,91.9031,80.41525,183.8063,298.6852,248.9043,45.9516,114.8789,160.8305,145.51325,141.684,84.24455,19.1465,88.0738,145.51325,118.7082,164.6598,105.7941,7.6586,30.63435,149.34255,95.7324,10616.65785
56,273.341325,107.185775,209.0198,160.803875,278.693,101.834025,375.17535,251.883975,182.2107,75.024925,482.36105,133.994775,57.535125,321.55725,241.18055,96.482275,75.024925,53.6181,37.5125,332.311175,91.1306,128.64305,230.47715,316.2055,333.21995,343.317525,237.292975,42.864175,117.889175,107.185775,26.070125,66.86205,37.3971,35.133825,28.824475,21.1239,39.500175,39.500175,19.216325,17.08115,56.581325,29.892025,36.297475,21.3515,92.8788,18.148775,18.148775,19.216325,24.554125,120.635725,67.25705,89.676075,12.810875,12.810875,295.717625,83.27065,82.2031,41.63535,29.892025,72.594925,65.12195,75.79765,41.63535,138.784425,16.0136,36.297475,35.229925,207.09475,76.701775,42.185975,92.0421,80.536875,184.0843,299.13695,249.28075,46.0211,115.05265,161.07375,145.733325,141.8983,84.371975,19.17545,88.207,145.733325,118.88775,164.90885,105.9541,7.6702,30.680675,149.568425,95.8772,10612.01698
57,273.2006,107.1306,208.9122,160.7211,278.5495,101.7816,374.9822,251.7543,182.1169,74.9863,482.1127,133.9258,57.5055,321.3917,241.0564,96.4326,74.9863,53.5905,37.4932,332.1401,91.0837,128.5768,230.3585,316.0427,333.0484,343.1408,237.1708,42.8421,117.8285,107.1306,25.991,66.6591,37.2836,35.0272,28.737,21.0598,39.3803,39.3803,19.158,17.0293,56.4096,29.8013,36.1873,21.2867,92.5969,18.0937,18.0937,19.158,24.4796,120.2696,67.0529,89.4039,12.772,12.772,294.8201,83.0179,81.9536,41.509,29.8013,72.3746,64.9243,75.5676,41.509,138.3632,15.965,36.1873,35.123,207.4075,76.8176,42.2497,92.1811,80.6585,184.3623,299.5887,249.6572,46.0906,115.2264,161.317,145.9534,142.1126,84.4994,19.2044,88.3402,145.9534,119.0673,165.1579,106.1141,7.6818,30.727,149.7943,96.022,10607.3761
58,273.86125,107.38965,209.417375,161.10975,279.2231,102.027725,375.888975,252.3631,182.5573,75.16765,483.278575,134.249675,57.64455,322.1689,241.639325,96.6658,75.16765,53.7201,37.58385,332.943275,91.30395,128.88775,230.91555,316.80695,333.853775,343.970575,237.744325,42.9457,118.113425,107.38965,25.939425,66.52685,37.209625,34.9577,28.679975,21.018,39.302175,39.302175,19.119975,16.995525,56.297675,29.742175,36.1155,21.24445,92.4132,18.0578,18.0578,19.119975,24.43105,120.030975,66.919875,89.226525,12.74665,12.74665,294.23515,82.8532,81.791,41.426625,29.742175,72.231,64.795475,75.417675,41.426625,138.088675,15.933325,36.1155,35.0533,207.4349,76.82775,42.255275,92.193275,80.66915,184.38665,299.62825,249.690175,46.096675,115.241625,161.3383,145.9727,142.13135,84.51055,19.206925,88.351875,145.9727,119.083025,165.1797,106.128125,7.6828,30.731075,149.8141,96.034675,10617.8723
59,274.5219,107.6487,209.92255,161.4984,279.8967,102.27385,376.79575,252.9719,182.9977,75.349,484.44445,134.57355,57.7836,322.9461,242.22225,96.899,75.349,53.8497,37.6745,333.74645,91.5242,129.1987,231.4726,317.5712,334.65915,344.80035,238.31785,43.0493,118.39835,107.6487,25.88785,66.3946,37.13565,34.8882,28.62295,20.9762,39.22405,39.22405,19.08195,16.96175,56.18575,29.68305,36.0437,21.2022,92.2295,18.0219,18.0219,19.08195,24.3825,119.79235,66.78685,89.04915,12.7213,12.7213,293.6502,82.6885,81.6284,41.34425,29.68305,72.0874,64.66665,75.26775,41.34425,137.81415,15.90165,36.0437,34.9836,207.4623,76.8379,42.26085,92.20545,80.6798,184.411,299.6678,249.72315,46.10275,115.25685,161.3596,145.992,142.1501,84.5217,19.20945,88.36355,145.992,119.09875,165.2015,106.14215,7.6838,30.73515,149.8339,96.04735,10628.3685
60,275.18255,107.90775,210.427725,161.88705,280.5703,102.519975,377.702525,253.5807,183.4381,75.53035,485.610325,134.897425,57.92265,323.7233,242.805175,97.1322,75.53035,53.9793,37.76515,334.549625,91.74445,129.50965,232.02965,318.33545,335.464525,345.630125,238.891375,43.1529,118.683275,107.90775,25.836275,66.26235,37.061675,34.8187,28.565925,20.9344,39.145925,39.145925,19.043925,16.927975,56.073825,29.623925,35.9719,21.15995,92.0458,17.986,17.986,19.043925,24.33395,119.553725,66.653825,88.871775,12.69595,12.69595,293.06525,82.5238,81.4658,41.261875,29.623925,71.9438,64.537825,75.117825,41.261875,137.539625,15.869975,35.9719,34.9139,207.4897,76.84805,42.266425,92.217625,80.69045,184.43535,299.70735,249.756125,46.108825,115.272075,161.3809,146.0113,142.16885,84.53285,19.211975,88.375225,146.0113,119.114475,165.2233,106.156175,7.6848,30.739225,149.8537,96.060025,10638.8647
61,275.8432,108.1668,210.9329,162.2757,281.2439,102.7661,378.6093,254.1895,183.8785,75.7117,486.7762,135.2213,58.0617,324.5005,243.3881,97.3654,75.7117,54.1089,37.8558,335.3528,91.9647,129.8206,232.5867,319.0997,336.2699,346.4599,239.4649,43.2565,118.9682,108.1668,25.7847,66.1301,36.9877,34.7492,28.5089,20.8926,39.0678,39.0678,19.0059,16.8942,55.9619,29.5648,35.9001,21.1177,91.8621,17.9501,17.9501,19.0059,24.2854,119.3151,66.5208,88.6944,12.6706,12.6706,292.4803,82.3591,81.3032,41.1795,29.5648,71.8002,64.409,74.9679,41.1795,137.2651,15.8383,35.9001,34.8442,207.5171,76.8582,42.272,92.2298,80.7011,184.4597,299.7469,249.7891,46.1149,115.2873,161.4022,146.0306,142.1876,84.544,19.2145,88.3869,146.0306,119.1302,165.2451,106.1702,7.6858,30.7433,149.8735,96.0727,10649.3609
62,276.5411,108.440475,211.466575,162.686275,281.95545,103.0261,379.5672,254.8326,184.343725,75.90325,488.00775,135.5634,58.2086,325.3215,244.003875,97.61175,75.90325,54.2458,37.951575,336.20125,92.197375,130.14905,233.17515,319.90705,337.120675,347.33645,240.070775,43.36595,119.2692,108.440475,25.717525,65.957775,36.8913,34.65865,28.434625,20.838175,38.966,38.966,18.956375,16.850175,55.816075,29.48775,35.80655,21.062675,91.622725,17.903325,17.903325,18.956375,24.2221,119.004175,66.34745,88.463275,12.6376,12.6376,291.718175,82.144475,81.09135,41.0722,29.48775,71.6131,64.241175,74.77255,41.0722,136.907425,15.797025,35.80655,34.7534,207.577075,76.8804,42.284225,92.25645,80.724425,184.513,299.833525,249.861275,46.128225,115.3206,161.44885,146.072775,142.2287,84.568425,19.220075,88.41245,146.072775,119.164625,165.29285,106.200875,7.688025,30.752175,149.9168,96.100475,10659.9177
63,277.239,108.71415,212.00025,163.09685,282.667,103.2861,380.5251,255.4757,184.80895,76.0948,489.2393,135.9055,58.3555,326.1425,244.61965,97.8581,76.0948,54.3827,38.04735,337.0497,92.43005,130.4775,233.7636,320.7144,337.97145,348.213,240.67665,43.4754,119.5702,108.71415,25.65035,65.78545,36.7949,34.5681,28.36035,20.78375,38.8642,38.8642,18.90685,16.80615,55.67025,29.4107,35.713,21.00765,91.38335,17.85655,17.85655,18.90685,24.1588,118.69325,66.1741,88.23215,12.6046,12.6046,290.95605,81.92985,80.8795,40.9649,29.4107,71.426,64.07335,74.5772,40.9649,136.54975,15.75575,35.713,34.6626,207.63705,76.9026,42.29645,92.2831,80.74775,184.5663,299.92015,249.93345,46.14155,115.3539,161.4955,146.11495,142.2698,84.59285,19.22565,88.438,146.11495,119.19905,165.3406,106.23155,7.69025,30.76105,149.9601,96.12825,10670.4745
64,277.9369,108.987825,212.533925,163.507425,283.37855,103.5461,381.483,256.1188,185.274175,76.28635,490.47085,136.2476,58.5024,326.9635,245.235425,98.10445,76.28635,54.5196,38.143125,337.89815,92.662725,130.80595,234.35205,321.52175,338.822225,349.08955,241.282525,43.58485,119.8712,108.987825,25.583175,65.613125,36.6985,34.47755,28.286075,20.729325,38.7624,38.7624,18.857325,16.762125,55.524425,29.33365,35.61945,20.952625,91.143975,17.809775,17.809775,18.857325,24.0955,118.382325,66.00075,88.001025,12.5716,12.5716,290.193925,81.715225,80.66765,40.8576,29.33365,71.2389,63.905525,74.38185,40.8576,136.192075,15.714475,35.61945,34.5718,207.697025,76.9248,42.308675,92.30975,80.771075,184.6196,300.006775,250.005625,46.154875,115.3872,161.54215,146.157125,142.3109,84.617275,19.231225,88.46355,146.157125,119.233475,165.38835,106.262225,7.692475,30.769925,150.0034,96.156025,10681.0313
65,278.6348,109.2615,213.0676,163.918,284.0901,103.8061,382.4409,256.7619,185.7394,76.4779,491.7024,136.5897,58.6493,327.7845,245.8512,98.3508,76.4779,54.6565,38.2389,338.7466,92.8954,131.1344,234.9405,322.3291,339.673,349.9661,241.8884,43.6943,120.1722,109.2615,25.516,65.4408,36.6021,34.387,28.2118,20.6749,38.6606,38.6606,18.8078,16.7181,55.3786,29.2566,35.5259,20.8976,90.9046,17.763,17.763,18.8078,24.0322,118.0714,65.8274,87.7699,12.5386,12.5386,289.4318,81.5006,80.4558,40.7503,29.2566,71.0518,63.7377,74.1865,40.7503,135.8344,15.6732,35.5259,34.481,207.757,76.947,42.3209,92.3364,80.7944,184.6729,300.0934,250.0778,46.1682,115.4205,161.5888,146.1993,142.352,84.6417,19.2368,88.4891,146.1993,119.2679,165.4361,106.2929,7.6947,30.7788,150.0467,96.1838,10691.5881
66,284.4665,111.5483,217.527025,167.348725,290.036,105.978725,390.445225,262.135825,189.62685,78.07855,501.993525,139.448475,59.8768,334.644875,250.99675,100.409225,78.07855,55.800425,39.039225,345.836425,94.839675,133.878975,239.8577,329.0753,346.7822,357.29075,246.951,44.6088,122.68735,111.5483,25.8471,66.29,37.077075,34.833225,28.577875,20.943175,39.162275,39.162275,19.051875,16.935025,56.097225,29.63625,35.9869,21.168775,92.0842,17.9935,17.9935,19.051875,24.344075,119.60355,66.681625,88.90885,12.7013,12.7013,293.1876,82.5582,81.499825,41.2791,29.63625,71.973825,64.564775,75.149175,41.2791,137.59705,15.876575,35.9869,34.92845,211.951375,78.500475,43.1753,94.200575,82.42555,188.40125,306.151975,255.1266,47.1003,117.750725,164.8511,149.150925,145.225925,86.350525,19.62515,90.2756,149.150925,121.675775,168.776075,108.43885,7.85005,31.4002,153.075975,98.12565,10897.94255
67,290.2982,113.8351,221.98645,170.77945,295.9819,108.15135,398.44955,267.50975,193.5143,79.6792,512.28465,142.30725,61.1043,341.50525,256.1423,102.46765,79.6792,56.94435,39.83955,352.92625,96.78395,136.62355,244.7749,335.8215,353.8914,364.6154,252.0136,45.5233,125.2025,113.8351,26.1782,67.1392,37.55205,35.27945,28.94395,21.21145,39.66395,39.66395,19.29595,17.15195,56.81585,30.0159,36.4479,21.43995,93.2638,18.224,18.224,19.29595,24.65595,121.1357,67.53585,90.0478,12.864,12.864,296.9434,83.6158,82.54385,41.8079,30.0159,72.89585,65.39185,76.11185,41.8079,139.3597,16.07995,36.4479,35.3759,216.14575,80.05395,44.0297,96.06475,84.0567,192.1296,312.21055,260.1754,48.0324,120.08095,168.1134,152.10255,148.09985,88.05935,20.0135,92.0621,152.10255,124.08365,172.11605,110.5848,8.0054,32.0216,156.10525,100.0675,11104.297
68,296.1299,116.1219,226.445875,174.210175,301.9278,110.323975,406.453875,272.883675,197.40175,81.27985,522.575775,145.166025,62.3318,348.365625,261.28785,104.526075,81.27985,58.088275,40.639875,360.016075,98.728225,139.368125,249.6921,342.5677,361.0006,371.94005,257.0762,46.4378,127.71765,116.1219,26.5093,67.9884,38.027025,35.725675,29.310025,21.479725,40.165625,40.165625,19.540025,17.368875,57.534475,30.39555,36.9089,21.711125,94.4434,18.4545,18.4545,19.540025,24.967825,122.66785,68.390075,91.18675,13.0267,13.0267,300.6992,84.6734,83.587875,42.3367,30.39555,73.817875,66.218925,77.074525,42.3367,141.12235,16.283325,36.9089,35.82335,220.340125,81.607425,44.8841,97.928925,85.68785,195.85795,318.269125,265.2242,48.9645,122.411175,171.3757,155.054175,150.973775,89.768175,20.40185,93.8486,155.054175,126.491525,175.456025,112.73075,8.16075,32.643,159.134525,102.00935,11310.65145
69,301.9616,118.4087,230.9053,177.6409,307.8737,112.4966,414.4582,278.2576,201.2892,82.8805,532.8669,148.0248,63.5593,355.226,266.4334,106.5845,82.8805,59.2322,41.4402,367.1059,100.6725,142.1127,254.6093,349.3139,368.1098,379.2647,262.1388,47.3523,130.2328,118.4087,26.8404,68.8376,38.502,36.1719,29.6761,21.748,40.6673,40.6673,19.7841,17.5858,58.2531,30.7752,37.3699,21.9823,95.623,18.685,18.685,19.7841,25.2797,124.2,69.2443,92.3257,13.1894,13.1894,304.455,85.731,84.6319,42.8655,30.7752,74.7399,67.046,78.0372,42.8655,142.885,16.4867,37.3699,36.2708,224.5345,83.1609,45.7385,99.7931,87.319,199.5863,324.3277,270.273,49.8966,124.7414,174.638,158.0058,153.8477,91.477,20.7902,95.6351,158.0058,128.8994,178.796,114.8767,8.3161,33.2644,162.1638,103.9512,11517.0059
70,307.090875,120.42005,234.82755,180.6584,313.1034,114.407525,421.4984,282.984225,204.708375,84.28835,541.918425,150.539225,64.63895,361.26005,270.959175,108.395,84.28835,60.23835,42.144125,373.34175,102.38255,144.5267,258.934225,355.247525,374.3627,385.707075,266.591625,48.15665,132.445,120.42005,28.144825,72.183075,40.373175,37.929825,31.11835,22.80495,42.6437,42.6437,20.7456,18.440475,61.084175,32.270875,39.186075,23.050625,100.27025,19.593075,19.593075,20.7456,26.508275,130.236075,72.609525,96.8127,13.8304,13.8304,319.251375,89.8975,88.744975,44.94875,32.270875,78.372225,70.304425,81.829775,44.94875,149.82915,17.28795,39.186075,38.03355,237.485225,87.957475,48.3766,105.548975,92.3554,211.09805,343.034275,285.86185,52.774525,131.93625,184.710775,167.11925,162.72135,96.753225,21.98935,101.15115,167.11925,136.334075,189.108625,121.50255,8.79575,35.183025,171.5171,109.9469,11902.41983
71,312.22015,122.4314,238.7498,183.6759,318.3331,116.31845,428.5386,287.71085,208.12755,85.6962,550.96995,153.05365,65.7186,367.2941,275.48495,110.2055,85.6962,61.2445,42.84805,379.5776,104.0926,146.9407,263.25915,361.18115,380.6156,392.14945,271.04445,48.961,134.6572,122.4314,29.44925,75.52855,42.24435,39.68775,32.5606,23.8619,44.6201,44.6201,21.7071,19.29515,63.91525,33.76655,41.00225,24.11895,104.9175,20.50115,20.50115,21.7071,27.73685,136.27215,75.97475,101.2997,14.4714,14.4714,334.04775,94.064,92.85805,47.032,33.76655,82.00455,73.56285,85.62235,47.032,156.7733,18.0892,41.00225,39.7963,250.43595,92.75405,51.0147,111.30485,97.3918,222.6098,361.74085,301.4507,55.65245,139.1311,194.78355,176.2327,171.595,102.02945,23.1885,106.6672,176.2327,143.76875,199.42125,128.1284,9.2754,37.10165,180.8704,115.9426,12287.83375
72,317.349425,124.44275,242.67205,186.6934,323.5628,118.229375,435.5788,292.437475,211.546725,87.10405,560.021475,155.568075,66.79825,373.32815,280.010725,112.016,87.10405,62.25065,43.551975,385.81345,105.80265,149.3547,267.584075,367.114775,386.8685,398.591825,275.497275,49.76535,136.8694,124.44275,30.753675,78.874025,44.115525,41.445675,34.00285,24.91885,46.5965,46.5965,22.6686,20.149825,66.746325,35.262225,42.818425,25.187275,109.56475,21.409225,21.409225,22.6686,28.965425,142.308225,79.339975,105.7867,15.1124,15.1124,348.844125,98.2305,96.971125,49.11525,35.262225,85.636875,76.821275,89.414925,49.11525,163.71745,18.89045,42.818425,41.55905,263.386675,97.550625,53.6528,117.060725,102.4282,234.12155,380.447425,317.03955,58.530375,146.32595,204.856325,185.34615,180.46865,107.305675,24.38765,112.18325,185.34615,151.203425,209.733875,134.75425,9.75505,39.020275,190.2237,121.9383,12673.24768
73,322.4787,126.4541,246.5943,189.7109,328.7925,120.1403,442.619,297.1641,214.9659,88.5119,569.073,158.0825,67.8779,379.3622,284.5365,113.8265,88.5119,63.2568,44.2559,392.0493,107.5127,151.7687,271.909,373.0484,393.1214,405.0342,279.9501,50.5697,139.0816,126.4541,32.0581,82.2195,45.9867,43.2036,35.4451,25.9758,48.5729,48.5729,23.6301,21.0045,69.5774,36.7579,44.6346,26.2556,114.212,22.3173,22.3173,23.6301,30.194,148.3443,82.7052,110.2737,15.7534,15.7534,363.6405,102.397,101.0842,51.1985,36.7579,89.2692,80.0797,93.2075,51.1985,170.6616,19.6917,44.6346,43.3218,276.3374,102.3472,56.2909,122.8166,107.4646,245.6333,399.154,332.6284,61.4083,153.5208,214.9291,194.4596,189.3423,112.5819,25.5868,117.6993,194.4596,158.6381,220.0465,141.3801,10.2347,40.9389,199.577,127.934,13058.6616
74,321.489325,126.066125,245.83775,189.12885,327.78375,119.7717,441.261025,296.2524,214.3064,88.24035,567.3271,157.5975,67.66965,378.1983,283.66355,113.477275,88.24035,63.062725,44.120125,390.846475,107.18285,151.303075,271.074775,371.903875,391.9153,403.79155,279.091225,50.41455,138.6549,126.066125,32.17275,82.513525,46.15115,43.3581,35.57185,26.068675,48.7466,48.7466,23.7146,21.0796,69.8262,36.88935,44.7942,26.3495,114.620425,22.3971,22.3971,23.7146,30.301975,148.874775,83.00095,110.668025,15.809725,15.809725,364.94085,102.76315,101.445675,51.381575,36.88935,89.5884,80.36605,93.5408,51.381575,171.271875,19.762125,44.7942,43.476725,277.851325,102.9079,56.5993,123.48945,108.053325,246.979,401.340775,334.4507,61.744725,154.36185,216.1066,195.52495,190.3796,113.198675,25.726975,118.3441,195.52495,159.5072,221.252025,142.15465,10.290775,41.163175,200.670375,128.634875,13067.17568
75,320.49995,125.67815,245.0812,188.5468,326.775,119.4031,439.90305,295.3407,213.6469,87.9688,565.5812,157.1125,67.4614,377.0344,282.7906,113.12805,87.9688,62.86865,43.98435,389.64365,106.853,150.83745,270.24055,370.75935,390.7092,402.5489,278.23235,50.2594,138.2282,125.67815,32.2874,82.80755,46.3156,43.5126,35.6986,26.16155,48.9203,48.9203,23.7991,21.1547,70.075,37.0208,44.9538,26.4434,115.02885,22.4769,22.4769,23.7991,30.40995,149.40525,83.2967,111.06235,15.86605,15.86605,366.2412,103.1293,101.80715,51.56465,37.0208,89.9076,80.6524,93.8741,51.56465,171.88215,19.83255,44.9538,43.63165,279.36525,103.4686,56.9077,124.1623,108.64205,248.3247,403.52755,336.273,62.08115,155.2029,217.2841,196.5903,191.4169,113.81545,25.86715,118.9889,196.5903,160.3763,222.45755,142.9292,10.34685,41.38745,201.76375,129.33575,13075.68975
76,319.510575,125.290175,244.32465,187.96475,325.76625,119.0345,438.545075,294.429,212.9874,87.69725,563.8353,156.6275,67.25315,375.8705,281.91765,112.778825,87.69725,62.674575,43.848575,388.440825,106.52315,150.371825,269.406325,369.614825,389.5031,401.30625,277.373475,50.10425,137.8015,125.290175,32.40205,83.101575,46.48005,43.6671,35.82535,26.254425,49.094,49.094,23.8836,21.2298,70.3238,37.15225,45.1134,26.5373,115.437275,22.5567,22.5567,23.8836,30.517925,149.935725,83.59245,111.456675,15.922375,15.922375,367.54155,103.49545,102.168625,51.747725,37.15225,90.2268,80.93875,94.2074,51.747725,172.492425,19.902975,45.1134,43.786575,280.879175,104.0293,57.2161,124.83515,109.230775,249.6704,405.714325,338.0953,62.417575,156.04395,218.4616,197.65565,192.4542,114.432225,26.007325,119.6337,197.65565,161.2454,223.663075,143.70375,10.402925,41.611725,202.857125,130.036625,13084.20383
77,318.5212,124.9022,243.5681,187.3827,324.7575,118.6659,437.1871,293.5173,212.3279,87.4257,562.0894,156.1425,67.0449,374.7066,281.0447,112.4296,87.4257,62.4805,43.7128,387.238,106.1933,149.9062,268.5721,368.4703,388.297,400.0636,276.5146,49.9491,137.3748,124.9022,32.5167,83.3956,46.6445,43.8216,35.9521,26.3473,49.2677,49.2677,23.9681,21.3049,70.5726,37.2837,45.273,26.6312,115.8457,22.6365,22.6365,23.9681,30.6259,150.4662,83.8882,111.851,15.9787,15.9787,368.8419,103.8616,102.5301,51.9308,37.2837,90.546,81.2251,94.5407,51.9308,173.1027,19.9734,45.273,43.9415,282.3931,104.59,57.5245,125.508,109.8195,251.0161,407.9011,339.9176,62.754,156.885,219.6391,198.721,193.4915,115.049,26.1475,120.2785,198.721,162.1145,224.8686,144.4783,10.459,41.836,203.9505,130.7375,13092.7179
78,317.018425,124.3129,242.41895,186.498625,323.225275,118.10605,435.12445,292.132475,211.326125,87.013225,559.437425,155.4058,66.7286,372.938725,279.718725,111.89915,87.013225,62.185725,43.506575,385.411,105.692275,149.198925,267.304975,366.73185,386.465,398.176075,275.209975,49.71345,136.72665,124.3129,32.46145,83.2539,46.56525,43.74715,35.891025,26.30255,49.184,49.184,23.927375,21.268725,70.4527,37.22035,45.196075,26.58595,115.64885,22.59805,22.59805,23.927375,30.57385,150.21055,83.745675,111.66095,15.95155,15.95155,368.215225,103.68515,102.355875,51.842575,37.22035,90.392175,81.0871,94.380075,51.842575,172.8086,19.93945,45.196075,43.866825,281.7637,104.3569,57.3963,125.228275,109.57475,250.456625,406.991975,339.159975,62.614125,156.53535,219.14955,198.2781,193.06025,114.7926,26.089225,120.010425,198.2781,161.7532,224.3674,144.1563,10.4357,41.74275,203.49595,130.446125,13048.02618
79,315.51565,123.7236,241.2698,185.61455,321.69305,117.5462,433.0618,290.74765,210.32435,86.60075,556.78545,154.6691,66.4123,371.17085,278.39275,111.3687,86.60075,61.89095,43.30035,383.584,105.19125,148.49165,266.03785,364.9934,384.633,396.28855,273.90535,49.4778,136.0785,123.7236,32.4062,83.1122,46.486,43.6727,35.82995,26.2578,49.1003,49.1003,23.88665,21.23255,70.3328,37.157,45.11915,26.5407,115.452,22.5596,22.5596,23.88665,30.5218,149.9549,83.60315,111.4709,15.9244,15.9244,367.58855,103.5087,102.18165,51.75435,37.157,90.23835,80.9491,94.21945,51.75435,172.5145,19.9055,45.11915,43.79215,281.1343,104.1238,57.2681,124.94855,109.33,249.89715,406.08285,338.40235,62.47425,156.1857,218.66,197.8352,192.629,114.5362,26.03095,119.74235,197.8352,161.3919,223.8662,143.8343,10.4124,41.6495,203.0414,130.15475,13003.33445
80,314.012875,123.1343,240.12065,184.730475,320.160825,116.98635,430.99915,289.362825,209.322575,86.188275,554.133475,153.9324,66.096,369.402975,277.066775,110.83825,86.188275,61.596175,43.094125,381.757,104.690225,147.784375,264.770725,363.25495,382.801,394.401025,272.600725,49.24215,135.43035,123.1343,32.35095,82.9705,46.40675,43.59825,35.768875,26.21305,49.0166,49.0166,23.845925,21.196375,70.2129,37.09365,45.042225,26.49545,115.25515,22.52115,22.52115,23.845925,30.46975,149.69925,83.460625,111.28085,15.89725,15.89725,366.961875,103.33225,102.007425,51.666125,37.09365,90.084525,80.8111,94.058825,51.666125,172.2204,19.87155,45.042225,43.717475,280.5049,103.8907,57.1399,124.668825,109.08525,249.337675,405.173725,337.644725,62.334375,155.83605,218.17045,197.3923,192.19775,114.2798,25.972675,119.474275,197.3923,161.0306,223.365,143.5123,10.3891,41.55625,202.58685,129.863375,12958.64273
81,312.5101,122.545,238.9715,183.8464,318.6286,116.4265,428.9365,287.978,208.3208,85.7758,551.4815,153.1957,65.7797,367.6351,275.7408,110.3078,85.7758,61.3014,42.8879,379.93,104.1892,147.0771,263.5036,361.5165,380.969,392.5135,271.2961,49.0065,134.7822,122.545,32.2957,82.8288,46.3275,43.5238,35.7078,26.1683,48.9329,48.9329,23.8052,21.1602,70.093,37.0303,44.9653,26.4502,115.0583,22.4827,22.4827,23.8052,30.4177,149.4436,83.3181,111.0908,15.8701,15.8701,366.3352,103.1558,101.8332,51.5779,37.0303,89.9307,80.6731,93.8982,51.5779,171.9263,19.8376,44.9653,43.6428,279.8755,103.6576,57.0117,124.3891,108.8405,248.7782,404.2646,336.8871,62.1945,155.4864,217.6809,196.9494,191.7665,114.0234,25.9144,119.2062,196.9494,160.6693,222.8638,143.1903,10.3658,41.463,202.1323,129.572,12913.951
82,310.815375,121.88045,237.675575,182.849425,316.900725,115.795125,426.610425,286.416325,207.1911,85.310625,548.490875,152.36495,65.422975,365.64145,274.245475,109.709625,85.310625,60.968975,42.655325,377.869675,103.6242,146.279525,262.07465,359.556025,378.90305,390.38495,269.8249,48.740725,134.0513,121.88045,32.1538,82.4649,46.123975,43.332575,35.550925,26.053325,48.7179,48.7179,23.7006,21.067225,69.78505,36.8676,44.76775,26.334,114.552825,22.383925,22.383925,23.7006,30.284075,148.787025,82.95205,110.60275,15.800375,15.800375,364.72575,102.702575,101.385825,51.3513,36.8676,89.5356,80.318675,93.485675,51.3513,171.17095,19.75045,44.76775,43.451075,278.0403,102.9779,56.63785,123.57345,108.1268,247.1469,401.61375,334.678075,61.786675,154.466825,216.253525,195.65795,190.50905,113.2757,25.744475,118.42455,195.65795,159.61575,221.40245,142.251375,10.297825,41.191125,200.806875,128.722375,12842.05435
83,309.12065,121.2159,236.37965,181.85245,315.17285,115.16375,424.28435,284.85465,206.0614,84.84545,545.50025,151.5342,65.06625,363.6478,272.75015,109.11145,84.84545,60.63655,42.42275,375.80935,103.0592,145.48195,260.6457,357.59555,376.8371,388.2564,268.3537,48.47495,133.3204,121.2159,32.0119,82.101,45.92045,43.14135,35.39405,25.93835,48.5029,48.5029,23.596,20.97425,69.4771,36.7049,44.5702,26.2178,114.04735,22.28515,22.28515,23.596,30.15045,148.13045,82.586,110.1147,15.73065,15.73065,363.1163,102.24935,100.93845,51.1247,36.7049,89.1405,79.96425,93.07315,51.1247,170.4156,19.6633,44.5702,43.25935,276.2051,102.2982,56.264,122.7578,107.4131,245.5156,398.9629,332.46905,61.37885,153.44725,214.82615,194.3665,189.2516,112.528,25.57455,117.6429,194.3665,158.5622,219.9411,141.31245,10.22985,40.91925,199.48145,127.87275,12770.1577
84,307.425925,120.55135,235.083725,180.855475,313.444975,114.532375,421.958275,283.292975,204.9317,84.380275,542.509625,150.70345,64.709525,361.65415,271.254825,108.513275,84.380275,60.304125,42.190175,373.749025,102.4942,144.684375,259.21675,355.635075,374.77115,386.12785,266.8825,48.209175,132.5895,120.55135,31.87,81.7371,45.716925,42.950125,35.237175,25.823375,48.2879,48.2879,23.4914,20.881275,69.16915,36.5422,44.37265,26.1016,113.541875,22.186375,22.186375,23.4914,30.016825,147.473875,82.21995,109.62665,15.660925,15.660925,361.50685,101.796125,100.491075,50.8981,36.5422,88.7454,79.609825,92.660625,50.8981,169.66025,19.57615,44.37265,43.067625,274.3699,101.6185,55.89015,121.94215,106.6994,243.8843,396.31205,330.260025,60.971025,152.427675,213.398775,193.07505,187.99415,111.7803,25.404625,116.86125,193.07505,157.50865,218.47975,140.373525,10.161875,40.647375,198.156025,127.023125,12698.26105
85,305.7312,119.8868,233.7878,179.8585,311.7171,113.901,419.6322,281.7313,203.802,83.9151,539.519,149.8727,64.3528,359.6605,269.7595,107.9151,83.9151,59.9717,41.9576,371.6887,101.9292,143.8868,257.7878,353.6746,372.7052,383.9993,265.4113,47.9434,131.8586,119.8868,31.7281,81.3732,45.5134,42.7589,35.0803,25.7084,48.0729,48.0729,23.3868,20.7883,68.8612,36.3795,44.1751,25.9854,113.0364,22.0876,22.0876,23.3868,29.8832,146.8173,81.8539,109.1386,15.5912,15.5912,359.8974,101.3429,100.0437,50.6715,36.3795,88.3503,79.2554,92.2481,50.6715,168.9049,19.489,44.1751,42.8759,272.5347,100.9388,55.5163,121.1265,105.9857,242.253,393.6612,328.051,60.5632,151.4081,211.9714,191.7836,186.7367,111.0326,25.2347,116.0796,191.7836,156.4551,217.0184,139.4346,10.0939,40.3755,196.8306,126.1735,12626.3644
86,302.022325,118.43245,230.951675,177.6766,307.9356,112.51925,414.54155,278.31355,201.329625,82.897125,532.974,148.05455,63.572125,355.2974,266.487,106.60595,82.897125,59.244175,41.4486,367.179675,100.692675,142.141275,254.660525,349.384125,368.18385,379.340925,262.19155,47.3618,130.259,118.43245,31.330275,80.352875,44.9427,42.22275,34.640425,25.38605,47.470125,47.470125,23.093575,20.527625,67.99775,35.92335,43.6212,25.659575,111.619025,21.810625,21.810625,23.093575,29.5085,144.976375,80.82755,107.7701,15.3957,15.3957,355.384675,100.072175,98.78925,50.036125,35.92335,87.242475,78.261625,91.0914,50.036125,166.787025,19.244625,43.6212,42.338275,267.622325,99.1194,54.515625,118.943225,104.07535,237.886475,386.56555,322.13795,59.471575,148.679025,208.150675,188.32675,183.370825,109.031275,24.77985,113.9873,188.32675,153.635025,213.1067,136.921325,9.91195,39.64775,193.282775,123.89925,12450.09773
87,298.31345,116.9781,228.11555,175.4947,304.1541,111.1375,409.4509,274.8958,198.85725,81.87915,526.429,146.2364,62.79145,350.9343,263.2145,105.2968,81.87915,58.51665,40.9396,362.67065,99.45615,140.39575,251.53325,345.09365,363.6625,374.68255,258.9718,46.7802,128.6594,116.9781,30.93245,79.33255,44.372,41.6866,34.20055,25.0637,46.86735,46.86735,22.80035,20.26695,67.1343,35.4672,43.0673,25.33375,110.20165,21.53365,21.53365,22.80035,29.1338,143.13545,79.8012,106.4016,15.2002,15.2002,350.87195,98.80145,97.5348,49.40075,35.4672,86.13465,77.26785,89.9347,49.40075,164.66915,19.00025,43.0673,41.80065,262.70995,97.3,53.51495,116.75995,102.165,233.51995,379.4699,316.2249,58.37995,145.94995,204.32995,184.8699,180.00495,107.02995,24.325,111.895,184.8699,150.81495,209.195,134.40805,9.73,38.92,189.73495,121.625,12273.83105
88,294.604575,115.52375,225.279425,173.3128,300.3726,109.75575,404.36025,271.47805,196.384875,80.861175,519.884,144.41825,62.010775,346.5712,259.942,103.98765,80.861175,57.789125,40.4306,358.161625,98.219625,138.650225,248.405975,340.803175,359.14115,370.024175,255.75205,46.1986,127.0598,115.52375,30.534625,78.312225,43.8013,41.15045,33.760675,24.74135,46.264575,46.264575,22.507125,20.006275,66.27085,35.01105,42.5134,25.007925,108.784275,21.256675,21.256675,22.507125,28.7591,141.294525,78.77485,105.0331,15.0047,15.0047,346.359225,97.530725,96.28035,48.765375,35.01105,85.026825,76.274075,88.778,48.765375,162.551275,18.755875,42.5134,41.263025,257.797575,95.4806,52.514275,114.576675,100.25465,229.153425,372.37425,310.31185,57.288325,143.220875,200.509225,181.41305,176.639075,105.028625,23.87015,109.8027,181.41305,147.994875,205.2833,131.894775,9.54805,38.19225,186.187125,119.35075,12097.56438
89,290.8957,114.0694,222.4433,171.1309,296.5911,108.374,399.2696,268.0603,193.9125,79.8432,513.339,142.6001,61.2301,342.2081,256.6695,102.6785,79.8432,57.0616,39.9216,353.6526,96.9831,136.9047,245.2787,336.5127,354.6198,365.3658,252.5323,45.617,125.4602,114.0694,30.1368,77.2919,43.2306,40.6143,33.3208,24.419,45.6618,45.6618,22.2139,19.7456,65.4074,34.5549,41.9595,24.6821,107.3669,20.9797,20.9797,22.2139,28.3844,139.4536,77.7485,103.6646,14.8092,14.8092,341.8465,96.26,95.0259,48.13,34.5549,83.919,75.2803,87.6213,48.13,160.4334,18.5115,41.9595,40.7254,252.8852,93.6612,51.5136,112.3934,98.3443,224.7869,365.2786,304.3988,56.1967,140.4918,196.6885,177.9562,173.2732,103.0273,23.4153,107.7104,177.9562,145.1748,201.3716,129.3815,9.3661,37.4645,182.6393,117.0765,11921.2977
90,284.8031,111.6803,217.7844,167.5467,290.379225,106.104175,390.907225,262.446,189.85115,78.17095,502.5875,139.61345,59.947675,335.040825,251.29375,100.528,78.17095,55.866475,39.085475,346.245625,94.951875,134.03735,240.141525,329.4647,347.19255,357.7135,247.2432,44.6616,122.832525,111.6803,29.392275,75.38245,42.162625,39.61095,32.497625,23.815725,44.53375,44.53375,21.6651,19.2578,63.79155,33.701225,40.922925,24.072325,104.714475,20.461425,20.461425,21.6651,27.683175,136.008475,75.82775,101.103625,14.44335,14.44335,333.401375,93.88195,92.67835,46.940975,33.701225,81.845825,73.420525,85.456675,46.940975,156.469975,18.0542,40.922925,39.7193,244.519925,90.56295,49.809575,108.6755,95.091125,217.351075,353.195425,294.3295,54.33775,135.844425,190.182175,172.069525,167.541425,99.619225,22.640725,104.1474,172.069525,140.372525,194.71035,125.101625,9.056275,36.2252,176.5977,113.203675,11620.81318
91,278.7105,109.2912,213.1255,163.9625,284.16735,103.83435,382.54485,256.8317,185.7898,76.4987,491.836,136.6268,58.66525,327.87355,245.918,98.3775,76.4987,54.67135,38.24935,338.83865,92.92065,131.17,235.00435,322.4167,339.7653,350.0612,241.9541,43.7062,120.20485,109.2912,28.64775,73.473,41.09465,38.6076,31.67445,23.21245,43.4057,43.4057,21.1163,18.77,62.1757,32.84755,39.88635,23.46255,102.06205,19.94315,19.94315,21.1163,26.98195,132.56335,73.907,98.54265,14.0775,14.0775,324.95625,91.5039,90.3308,45.75195,32.84755,79.77265,71.56075,83.29205,45.75195,152.50655,17.5969,39.88635,38.7132,236.15465,87.4647,48.10555,104.9576,91.83795,209.91525,341.11225,284.2602,52.4788,131.19705,183.67585,166.18285,161.80965,96.21115,21.86615,100.5844,166.18285,135.57025,188.0491,120.82175,8.74645,34.9859,170.5561,109.33085,11320.32865
92,272.6179,106.9021,208.4666,160.3783,277.955475,101.564525,374.182475,251.2174,181.72845,74.82645,481.0845,133.64015,57.382825,320.706275,240.54225,96.227,74.82645,53.476225,37.413225,331.431675,90.889425,128.30265,229.867175,315.3687,332.33805,342.4089,236.665,42.7508,117.577175,106.9021,27.903225,71.56355,40.026675,37.60425,30.851275,22.609175,42.27765,42.27765,20.5675,18.2822,60.55985,31.993875,38.849775,22.852775,99.409625,19.424875,19.424875,20.5675,26.280725,129.118225,71.98625,95.981675,13.71165,13.71165,316.511125,89.12585,87.98325,44.562925,31.993875,77.699475,69.700975,81.127425,44.562925,148.543125,17.1396,38.849775,37.7071,227.789375,84.36645,46.401525,101.2397,88.584775,202.479425,329.029075,274.1909,50.61985,126.549675,177.169525,160.296175,156.077875,92.803075,21.091575,97.0214,160.296175,130.767975,181.38785,116.541875,8.436625,33.7466,164.5145,105.458025,11019.84413
93,266.5253,104.513,203.8077,156.7941,271.7436,99.2947,365.8201,245.6031,177.6671,73.1542,470.333,130.6535,56.1004,313.539,235.1665,94.0765,73.1542,52.2811,36.5771,324.0247,88.8582,125.4353,224.73,308.3207,324.9108,334.7566,231.3759,41.7954,114.9495,104.513,27.1587,69.6541,38.9587,36.6009,30.0281,22.0059,41.1496,41.1496,20.0187,17.7944,58.944,31.1402,37.8132,22.243,96.7572,18.9066,18.9066,20.0187,25.5795,125.6731,70.0655,93.4207,13.3458,13.3458,308.066,86.7478,85.6357,43.3739,31.1402,75.6263,67.8412,78.9628,43.3739,144.5797,16.6823,37.8132,36.701,219.4241,81.2682,44.6975,97.5218,85.3316,195.0436,316.9459,264.1216,48.7609,121.9023,170.6632,154.4095,150.3461,89.395,20.317,93.4584,154.4095,125.9657,174.7266,112.262,8.1268,32.5073,158.4729,101.5852,10719.3596
94,262.086825,102.772525,200.413675,154.182975,267.218225,97.64115,359.72805,241.513025,174.7084,71.93595,462.5005,128.477725,55.16615,308.317575,231.25025,92.509825,71.93595,51.41045,35.967975,318.628675,87.378425,123.3464,220.98755,303.1862,319.500025,329.18185,227.522775,41.099375,113.035225,102.772525,26.579325,68.168125,38.127575,35.820075,29.3875,21.53645,40.27175,40.27175,19.59165,17.4148,57.686525,30.475875,37.0065,21.7685,94.693025,18.50325,18.50325,19.59165,25.0338,122.992075,68.570775,91.427725,13.0611,13.0611,301.493875,84.897175,83.8088,42.4486,30.475875,74.012925,66.393925,77.27825,42.4486,141.495325,16.3264,37.0065,35.91805,213.694025,79.14595,43.530275,94.9751,83.10325,189.950225,308.66915,257.2243,47.48755,118.718925,166.206475,150.37725,146.41995,87.060525,19.78645,91.017825,150.37725,122.676225,170.163775,109.3304,7.914575,31.6584,154.334525,98.9324,10502.67945
95,257.64835,101.03205,197.01965,151.57185,262.69285,95.9876,353.636,237.42295,171.7497,70.7177,454.668,126.30195,54.2319,303.09615,227.334,90.94315,70.7177,50.5398,35.35885,313.23265,85.89865,121.2575,217.2451,298.0517,314.08925,323.6071,223.66965,40.40335,111.12095,101.03205,25.99995,66.68215,37.29645,35.03925,28.7469,21.067,39.3939,39.3939,19.1646,17.0352,56.42905,29.81155,36.1998,21.294,92.62885,18.0999,18.0999,19.1646,24.4881,120.31105,67.07605,89.43475,12.7764,12.7764,294.92175,83.04655,81.9819,41.5233,29.81155,72.39955,64.94665,75.5937,41.5233,138.41095,15.9705,36.1998,35.1351,207.96395,77.0237,42.36305,92.4284,80.8749,184.85685,300.3924,250.327,46.2142,115.53555,161.74975,146.345,142.4938,84.72605,19.2559,88.57725,146.345,119.38675,165.60095,106.3988,7.70235,30.8095,150.19615,96.2796,10285.9993
96,253.209875,99.291575,193.625625,148.960725,258.167475,94.33405,347.54395,233.332875,168.791,69.49945,446.8355,124.126175,53.29765,297.874725,223.41775,89.376475,69.49945,49.66915,34.749725,307.836625,84.418875,119.1686,213.50265,292.9172,308.678475,318.03235,219.816525,39.707325,109.206675,99.291575,25.420575,65.196175,36.465325,34.258425,28.1063,20.59755,38.51605,38.51605,18.73755,16.6556,55.171575,29.147225,35.3931,20.8195,90.564675,17.69655,17.69655,18.73755,23.9424,117.630025,65.581325,87.441775,12.4917,12.4917,288.349625,81.195925,80.155,40.598,29.147225,70.786175,63.499375,73.90915,40.598,135.326575,15.6146,35.3931,34.35215,202.233875,74.90145,41.195825,89.8817,78.64655,179.763475,292.11565,243.4297,44.94085,112.352175,157.293025,142.31275,138.56765,82.391575,18.72535,86.136675,142.31275,116.097275,161.038125,103.4672,7.490125,29.9606,146.057775,93.6268,10069.31915
