,wind0,wind1,wind2,solar3,wind4,wind5,wind6,wind7,wind8,wind9,wind10,wind11,ng12,ng13,ng14,ng15,ng16,ng17,wind18,ng19,ng20,solar21,solar22,wind23,wind24,ng25,ng26,ng27,ng28,ng29,ng30,ng31,ng32,ng33,ng34,wind35,wind36,wind37,wind38,wind39,ng40,ng41,ng42,wind43,wind44,ng45,ng46,wind47,coal48,coal49,wind50,wind51,wind52,wind53,wind54,ng55,ng56,ng57,wind58,wind59,wind60,wind61,wind62,ng63,ng64,ng65,ng66,ng67,ng68,ng69,ng70,ng71,wind72,wind73,wind74,wind75,wind76,wind77,wind78,wind79,ng80,ng81,ng82,wind83,wind84,wind85,wind86,wind87,wind88,wind89,wind90,wind91,wind92,wind93,wind94,wind95,wind96,wind97,wind98,wind99,wind100,wind101,hydro102,hydro103,wind104,wind105,wind106,wind107,wind108,solar109,wind110,wind111,wind112,wind113,ng114,ng115,ng116,wind117,wind118,wind119,coal120,coal121,hydro122,hydro123,hydro124,wind125,ng126,ng127,ng128,ng129,ng130,ng131,ng132,ng133,ng134,ng135,ng136,ng137,ng138,ng139,ng140,coal141,coal142,coal143,coal144,coal145,coal146,coal147,coal148,coal149,wind150,ng151,ng152,ng153,ng154,ng155,ng156,ng157,ng158,wind159,wind160,ng161,ng162,ng163,ng164,wind165,wind166,wind167,wind168,ng169,ng170,ng171,ng172,ng173,ng174,ng175,ng176,ng177,ng178,wind179,wind180,wind181,ng182,ng183,ng184,ng185,ng186,ng187,ng188,ng189,ng190,ng191,ng192,ng193,ng194,ng195,ng196,ng197,ng198,hydro199,coal200,coal201,ng202,ng203,wind204,wind205,ng206,ng207,ng208,wind209,wind210,nuclear211,nuclear212,ng213,ng214,ng215,ng216,ng217,ng218,ng219,ng220,ng221,ng222,ng223,ng224,ng225,ng226,ng227,ng228,hydro229,hydro230,coal231,ng232,ng233,ng234,ng235,ng236,ng237,ng238,ng239,ng240,wind241,ng242,ng243,ng244,ng245,ng246,ng247,ng248,ng249,ng250,ng251,ng252,ng253,ng254,ng255,ng256,ng257,ng258,ng259,ng260,ng261,ng262,ng263,ng264,ng265,hydro266,hydro267,ng268,ng269,ng270,ng271,ng272,ng273,ng274,ng275,ng276,ng277,ng278,ng279,ng280,coal281,coal282,coal283,hydro284,hydro285,solar286,solar287,solar288,solar289,solar290,solar291,ng292,ng293,ng294,coal295,coal296,ng297,ng298,ng299,ng300,ng301,ng302,ng303,ng304,ng305,ng306,hydro307,hydro308,hydro309,hydro310,ng311,ng312,ng313,ng314,ng315,ng316,ng317,ng318,ng319,ng320,ng321,ng322,hydro323,hydro324,hydro325,hydro326,hydro327,hydro328,hydro329,hydro330,hydro331,ng332,ng333,ng334,ng335,ng336,ng337,ng338,ng339,ng340,ng341,ng342,ng343,ng344,ng345,ng346,ng347,ng348,ng349,ng350,ng351,ng352,ng353,ng354,ng355,ng356,ng357,ng358,ng359,ng360,ng361,solar362,solar363,solar364,solar365,ng366,ng367,ng368,ng369,ng370,ng371,ng372,ng373,ng374,ng375,ng376,ng377,nuclear378,nuclear379,ng380,ng381,ng382,ng383,ng384,ng385,ng386,ng387,ng388,ng389,ng390,ng391,ng392,ng393,ng394,ng395,ng396,ng397,ng398,ng399,ng400,ng401,ng402,ng403,ng404,ng405,ng406,ng407,ng408,ng409,ng410,ng411,ng412,ng413,ng414,ng415,ng416,ng417,ng418,ng419,ng420,ng421,ng422,ng423,ng424,ng425,ng426,ng427,ng428,ng429,ng430,ng431,ng432,solar433,solar434,solar435,solar436,solar437,solar438,ng439,ng440,ng441,ng442,ng443,ng444,ng445,ng446,ng447,ng448,coal449,coal450,ng451,ng452,ng453,ng454,ng455,ng456,ng457,ng458,ng459,ng460,ng461,ng462,ng463,ng464,ng465,ng466,ng467,ng468,ng469,ng470,ng471,ng472,ng473,ng474,ng475,ng476,ng477,ng478,ng479,ng480,ng481,ng482,ng483,ng484,ng485,ng486,ng487,ng488,ng489,ng490,ng491,ng492,ng493,ng494,ng495,ng496,ng497,ng498,ng499,ng500,ng501,ng502,ng503,ng504,ng505,ng506,ng507,ng508,solar509,ng510,ng511,ng512,ng513,ng514,ng515,ng516,ng517,ng518,ng519,coal520,coal521,coal522,coal523,ng524,ng525,ng526,ng527,coal528,coal529,solar530,coal531,coal532,coal533,coal534,coal535,coal536,coal537,coal538,ng539,coal540,coal541,ng542,ng543
0,94.74971484375001,18.798981249999997,24.911375468750002,0.0005356473297980608,109.32341874999997,80.82914062500001,68.05771874999999,10.700828125,49.31718749999999,24.46536354166667,59.82369479166667,21.642534375,0,0,0,0,0,0,57.5575,0,0,8.034709946970914e-05,0.0123198885853554,78.08919999999998,48.4698784375,0,0,0,0,0,0,0,0,0,0,24.87890625,63.286737499999994,2.8869140625,0.18108583333333336,0.04275,0,0,0,143.70717578125,208.22973958333333,0,0,57.0243828125,0,0,59.007857142857134,44.49212265625,85.702734375,11.61046875,20.193439880952383,0,0,0,38.623365625000005,9.551822916666667,75.9369921875,6.3383593750000005,95.07539062500001,0,0,0,0,0,0,0,0,0,130.17224270833333,187.1413171875,14.89131875,74.53967381944445,28.4625,37.246874999999996,54.15473333333334,79.28284375,0,0,0,91.42184375,83.74967833333334,83.74967833333334,83.74967833333334,60.35746283333333,60.35746283333333,60.35746283333333,60.35746283333333,30.534642916666662,68.13984375,81.36756718749999,44.8031828125,104.82413671874998,72.4234896875,33.81416015625,45.085546875,37.246874999999996,37.5678421875,100.63937499999999,0,0,52.835671874999996,27.2585225,27.2585225,26.145,49.800000000000004,0.001590872569500241,74.73071875,53.599218750000006,47.98951333333333,43.336031250000005,0,0,0,40.1795625,36.3257125,18.6519375,0,0,0,0,0,23.86640625,0,0,0,0,0,0,0,0,0,0,0,0,0,0,0,0,0,0,0,0,0,0,0,0,8.39732142857143,0,0,0,0,0,0,0,0,17.393671875000003,18.533006249999996,0,0,0,0,18.59642578125,17.1263671875,9.334711309523811,24.496390625000004,0,0,0,0,0,0,0,0,0,0,24.0573375,12.528890625,54.40312499999999,0,0,0,0,0,0,0,0,0,0,0,0,0,0,0,0,0,0,0,0,0,0,34.585781250000004,72.078515625,0,0,0,137.75859375,98.37890625,0,0,0,0,0,0,0,0,0,0,0,0,0,0,0,0,0,0,0,0,0,0,0,0,0,0,0,0,0,0,29.806059374999993,0,0,0,0,0,0,0,0,0,0,0,0,0,0,0,0,0,0,0,0,0,0,0,0,0,0,0,0,0,0,0,0,0,0,0,0,0,0,0,0,0,0,0,0,5.62429696287964e-05,0.0012052064920456372,0.0002946060313889335,0.0004258396271894585,0.0005581445176495795,0.001634795650543682,0,0,0,0,0,0,0,0,0,0,0,0,0,0,0,0,0,0,0,0,0,0,0,0,0,0,0,0,0,0,0,0,0,0,0,0,0,0,0,0,0,0,0,0,0,0,0,0,0,0,0,0,0,0,0,0,0,0,0,0,0,0,0,0,0,0,0,0,0,0,0.0015587337297123575,0.0004017354973485457,0.0004017354973485457,0.00023568482511114684,0,0,0,0,0,0,0,0,0,0,0,0,0,0,0,0,0,0,0,0,0,0,0,0,0,0,0,0,0,0,0,0,0,0,0,0,0,0,0,0,0,0,0,0,0,0,0,0,0,0,0,0,0,0,0,0,0,0,0,0,0,0,0,0,0,0,0,0.0004017354973485457,0.0011366436338314852,0.0011366436338314852,0.0011366436338314852,0.0011366436338314852,0.002273822914992769,0,0,0,0,0,0,0,0,0,0,0,0,0,0,0,0,0,0,0,0,0,0,0,0,0,0,0,0,0,0,0,0,0,0,0,0,0,0,0,0,0,0,0,0,0,0,0,0,0,0,0,0,0,0,0,0,0,0,0,0,0,0,0,0,0,0,0,0,0,0,0.0017676361883336013,0,0,0,0,0,0,0,0,0,0,0,0,0,0,0,0,0,0,0,0,0.004579784669773421,0,0,0,0,0,0,0,0,0,0,0,0,0
1,70.05694531250002,12.340751250000004,37.8625065625,0.0,71.76628875000002,59.76421875000001,44.67706875000002,12.858585937500001,32.37468750000001,20.070125833333332,61.89409010416665,22.391545312499996,0,0,0,0,0,0,15.324375000000003,0,0,0.0,0.0,51.26232000000001,73.66879812500001,0,0,0,0,0,0,0,0,0,0,20.409375,41.54511750000001,3.4690429687500006,0.0,0.0,0,0,0,146.25698984374998,211.92438541666667,0,0,58.036173437500004,0,0,59.24535714285713,50.205896875,89.07949218750001,12.2626171875,15.99754392857143,0,0,0,40.14515781250001,9.721302083333333,77.28435156249999,5.366992187500001,80.50488281250001,0,0,0,0,0,0,0,0,0,132.48190479166666,194.6133515625,16.894409166666666,66.54196083333332,45.82366071428572,27.175,47.45199763888889,106.2062890625,0,0,0,122.46753906250001,67.09417270833333,67.09417270833333,67.09417270833333,72.08590116666666,72.08590116666666,72.08590116666666,72.08590116666666,40.90381927083334,82.6189453125,77.8731484375,26.708195312500003,89.56996875,70.88322135416668,39.3205078125,52.42734375,27.175,36.76886718750001,80.293125,0,0,42.153890625,32.5552975,32.5552975,22.909031249999998,43.63625,0.0,100.10832031250001,60.8090625,64.28614166666667,41.648593749999996,0,0,0,45.584275000000005,41.212028333333336,15.188512499999998,0,0,0,0,0,21.478906250000005,0,0,0,0,0,0,0,0,0,0,0,0,0,0,0,0,0,0,0,0,0,0,0,0,7.756071428571428,0,0,0,0,0,0,0,0,14.163890624999999,14.589225,0,0,0,0,15.143308593749998,26.527148437500003,8.621878809523807,17.26530859375,0,0,0,0,0,0,0,0,0,0,21.6507375,16.082749999999997,68.05453125,0,0,0,0,0,0,0,0,0,0,0,0,0,0,0,0,0,0,0,0,0,0,33.68765625,74.9068359375,0,0,0,121.72031250000003,97.1103515625,0,0,0,0,0,0,0,0,0,0,0,0,0,0,0,0,0,0,0,0,0,0,0,0,0,0,0,0,0,0,15.915065625000004,0,0,0,0,0,0,0,0,0,0,0,0,0,0,0,0,0,0,0,0,0,0,0,0,0,0,0,0,0,0,0,0,0,0,0,0,0,0,0,0,0,0,0,0,0.0,0.0,0.0,0.0,0.0,0.0,0,0,0,0,0,0,0,0,0,0,0,0,0,0,0,0,0,0,0,0,0,0,0,0,0,0,0,0,0,0,0,0,0,0,0,0,0,0,0,0,0,0,0,0,0,0,0,0,0,0,0,0,0,0,0,0,0,0,0,0,0,0,0,0,0,0,0,0,0,0,0.0,0.0,0.0,0.0,0,0,0,0,0,0,0,0,0,0,0,0,0,0,0,0,0,0,0,0,0,0,0,0,0,0,0,0,0,0,0,0,0,0,0,0,0,0,0,0,0,0,0,0,0,0,0,0,0,0,0,0,0,0,0,0,0,0,0,0,0,0,0,0,0,0,0,0.0,0.0,0.0,0.0,0.0,0.0,0,0,0,0,0,0,0,0,0,0,0,0,0,0,0,0,0,0,0,0,0,0,0,0,0,0,0,0,0,0,0,0,0,0,0,0,0,0,0,0,0,0,0,0,0,0,0,0,0,0,0,0,0,0,0,0,0,0,0,0,0,0,0,0,0,0,0,0,0,0,0.0,0,0,0,0,0,0,0,0,0,0,0,0,0,0,0,0,0,0,0,0,0.0,0,0,0,0,0,0,0,0,0,0,0,0,0
2,65.62429687500001,3.548595833333333,19.43491375,0.0,20.63647083333333,55.98281250000001,12.846937500000001,5.6588203125000005,9.309375,26.26233277777778,9.8034265625,3.5466046875000004,0,0,0,0,0,0,0.11562500000000002,0,0,0.0,0.0,14.740533333333332,37.814367499999996,0,0,0,0,0,0,0,0,0,0,26.70625,11.946341666666667,1.5266601562500002,0.6349917708333336,0.14990625000000005,0,0,0,139.66383203124997,202.3709895833333,0,0,55.4199453125,0,0,59.75892857142857,60.204340625,73.4185546875,13.132968749999998,17.200963452380947,0,0,0,33.087295312500004,9.283072916666665,73.8004296875,4.06265625,60.93984375,0,0,0,0,0,0,0,0,0,126.50971770833333,186.23831484375,12.085351249999997,76.67439840277778,51.02879464285714,31.141406250000003,49.39580458333334,90.75253515624999,0,0,0,104.64766015625,100.05466270833334,100.05466270833334,100.05466270833334,18.142331,18.142331,18.142331,18.142331,34.952029010416666,85.04707031250001,81.69001640625001,22.32050390625,77.87572265624999,81.69052864583333,37.39921875,49.865625,31.141406250000003,42.3748828125,88.36999999999999,0,0,46.39425,8.193405,8.193405,23.847468749999997,45.42375,0.0,85.54186328125,43.49953124999999,54.93206083333333,50.744843749999994,0,0,0,32.6085375,29.480867499999995,14.248237499999998,0,0,0,0,0,20.091406250000002,0,0,0,0,0,0,0,0,0,0,0,0,0,0,0,0,0,0,0,0,0,0,0,0,8.286428571428571,0,0,0,0,0,0,0,0,13.287046875,19.12153125,0,0,0,0,14.205832031249999,31.60722656250001,9.211439523809522,17.41597265625,0,0,0,0,0,0,0,0,0,0,20.252137500000003,18.288953125,62.16140625,0,0,0,0,0,0,0,0,0,0,0,0,0,0,0,0,0,0,0,0,0,0,33.920390625,63.79921875000002,0,0,0,86.20078125,85.38046875,0,0,0,0,0,0,0,0,0,0,0,0,0,0,0,0,0,0,0,0,0,0,0,0,0,0,0,0,0,0,19.82671875,0,0,0,0,0,0,0,0,0,0,0,0,0,0,0,0,0,0,0,0,0,0,0,0,0,0,0,0,0,0,0,0,0,0,0,0,0,0,0,0,0,0,0,0,0.0,0.0,0.0,0.0,0.0,0.0,0,0,0,0,0,0,0,0,0,0,0,0,0,0,0,0,0,0,0,0,0,0,0,0,0,0,0,0,0,0,0,0,0,0,0,0,0,0,0,0,0,0,0,0,0,0,0,0,0,0,0,0,0,0,0,0,0,0,0,0,0,0,0,0,0,0,0,0,0,0,0.0,0.0,0.0,0.0,0,0,0,0,0,0,0,0,0,0,0,0,0,0,0,0,0,0,0,0,0,0,0,0,0,0,0,0,0,0,0,0,0,0,0,0,0,0,0,0,0,0,0,0,0,0,0,0,0,0,0,0,0,0,0,0,0,0,0,0,0,0,0,0,0,0,0,0.0,0.0,0.0,0.0,0.0,0.0,0,0,0,0,0,0,0,0,0,0,0,0,0,0,0,0,0,0,0,0,0,0,0,0,0,0,0,0,0,0,0,0,0,0,0,0,0,0,0,0,0,0,0,0,0,0,0,0,0,0,0,0,0,0,0,0,0,0,0,0,0,0,0,0,0,0,0,0,0,0,0.0,0,0,0,0,0,0,0,0,0,0,0,0,0,0,0,0,0,0,0,0,0.0,0,0,0,0,0,0,0,0,0,0,0,0,0
3,85.8374375,1.49234,13.138030052083334,0.0,8.67854,73.22625,5.4027,29.993593750000002,3.9149999999999996,46.85334152777778,10.668154687500001,3.8594390625,0,0,0,0,0,0,0.25875000000000004,0,0,0.0,0.0,6.199039999999999,25.562567604166667,0,0,0,0,0,0,0,0,0,0,47.6453125,5.02396,8.091796875,3.035570416666667,0.7166250000000001,0,0,0,118.37045546875,171.51717708333334,0,0,46.970529687500004,0,0,59.73249999999998,65.00680937499999,62.110546875000004,10.985625,12.941280238095239,0,0,0,27.991153125000004,7.867760416666667,62.5486953125,4.499960937499999,67.4994140625,0,0,0,0,0,0,0,0,0,107.22183895833334,193.21206328124995,4.647310416666666,72.91435208333334,33.74464285714286,29.024218750000003,35.46835986111112,72.59484375,0,0,0,83.70984374999999,83.3321175,83.3321175,83.3321175,19.690940333333337,19.690940333333337,19.690940333333337,19.690940333333337,27.958856249999997,73.80351562499999,70.17957656250002,21.926371875,58.642417968749996,72.87485369791669,34.14609375,45.528125,29.024218750000003,37.801975781250015,90.28125,0,0,47.39765625,8.892785000000002,8.892785000000002,17.12353125,32.61625,0.0,68.42671874999999,16.72734375,43.94129999999999,38.553968749999996,0,0,0,12.5393125,11.336595833333334,18.733837499999996,0,0,0,0,0,16.752343749999998,0,0,0,0,0,0,0,0,0,0,0,0,0,0,0,0,0,0,0,0,0,0,0,0,16.12526785714286,0,0,0,0,0,0,0,0,17.470046874999998,29.60214375,0,0,0,0,18.678082031249996,38.11816406250001,17.925325535714286,28.371628906249995,0,0,0,0,0,0,0,0,0,0,16.886362499999997,23.248328125,54.504375,0,0,0,0,0,0,0,0,0,0,0,0,0,0,0,0,0,0,0,0,0,0,28.561406249999997,61.719140625000016,0,0,0,94.56328124999999,94.144921875,0,0,0,0,0,0,0,0,0,0,0,0,0,0,0,0,0,0,0,0,0,0,0,0,0,0,0,0,0,0,26.92164375,0,0,0,0,0,0,0,0,0,0,0,0,0,0,0,0,0,0,0,0,0,0,0,0,0,0,0,0,0,0,0,0,0,0,0,0,0,0,0,0,0,0,0,0,0.0,0.0,0.0,0.0,0.0,0.0,0,0,0,0,0,0,0,0,0,0,0,0,0,0,0,0,0,0,0,0,0,0,0,0,0,0,0,0,0,0,0,0,0,0,0,0,0,0,0,0,0,0,0,0,0,0,0,0,0,0,0,0,0,0,0,0,0,0,0,0,0,0,0,0,0,0,0,0,0,0,0.0,0.0,0.0,0.0,0,0,0,0,0,0,0,0,0,0,0,0,0,0,0,0,0,0,0,0,0,0,0,0,0,0,0,0,0,0,0,0,0,0,0,0,0,0,0,0,0,0,0,0,0,0,0,0,0,0,0,0,0,0,0,0,0,0,0,0,0,0,0,0,0,0,0,0.0,0.0,0.0,0.0,0.0,0.0,0,0,0,0,0,0,0,0,0,0,0,0,0,0,0,0,0,0,0,0,0,0,0,0,0,0,0,0,0,0,0,0,0,0,0,0,0,0,0,0,0,0,0,0,0,0,0,0,0,0,0,0,0,0,0,0,0,0,0,0,0,0,0,0,0,0,0,0,0,0,0.0,0,0,0,0,0,0,0,0,0,0,0,0,0,0,0,0,0,0,0,0,0.0,0,0,0,0,0,0,0,0,0,0,0,0,0
4,46.93678515624999,2.611595,9.322713385416668,0.0,15.187444999999999,40.04085937499999,9.454725,56.7456640625,6.851249999999999,29.66036395833333,25.47456041666667,9.21598125,0,0,0,0,0,0,0.30874999999999997,0,0,0.0,0.0,10.84832,18.139134270833335,0,0,0,0,0,0,0,0,0,0,30.16171875,8.79193,15.30908203125,5.075764427083334,1.1982656250000001,0,0,0,110.47104687499998,160.07104166666667,0,0,43.83596875,0,0,59.45392857142856,68.16120624999999,58.83691406250001,11.703515625,11.762973809523805,0,0,0,26.515835937500004,7.342708333333333,58.37453125,3.4782031250000003,52.173046875000004,0,0,0,0,0,0,0,0,0,100.06642916666667,190.99232343750003,6.446458333333333,33.95695270833334,28.742410714285715,34.6875,33.16433694444444,89.20789453125,0,0,0,102.86651953125,74.98473166666665,74.98473166666665,74.98473166666665,5.044367166666667,5.044367166666667,5.044367166666667,5.044367166666667,34.35713296875,83.326171875,65.84944921875001,27.7607734375,60.1782421875,61.72970453125,35.5517578125,47.40234375,34.6875,32.02071328125,84.13812500000002,0,0,44.172515625,2.2781275,2.2781275,16.0111875,30.4975,0.0,84.08591015625001,23.203125,53.9970975,60.2050625,0,0,0,17.39375,15.725416666666668,38.616637499999996,0,0,0,0,0,20.521093749999995,0,0,0,0,0,0,0,0,0,0,0,0,0,0,0,0,0,0,0,0,0,0,0,0,25.031249999999996,0,0,0,0,0,0,0,0,36.011546875,53.76375000000001,0,0,0,0,38.50170703125,19.658789062500002,27.825479166666664,35.56702734375,0,0,0,0,0,0,0,0,0,0,20.685262499999993,6.219703124999999,51.70312500000001,0,0,0,0,0,0,0,0,0,0,0,0,0,0,0,0,0,0,0,0,0,0,27.67359375,56.767968749999994,0,0,0,82.35234375,88.89550781249999,0,0,0,0,0,0,0,0,0,0,0,0,0,0,0,0,0,0,0,0,0,0,0,0,0,0,0,0,0,0,22.018978125,0,0,0,0,0,0,0,0,0,0,0,0,0,0,0,0,0,0,0,0,0,0,0,0,0,0,0,0,0,0,0,0,0,0,0,0,0,0,0,0,0,0,0,0,0.0,0.0,0.0,0.0,0.0,0.0,0,0,0,0,0,0,0,0,0,0,0,0,0,0,0,0,0,0,0,0,0,0,0,0,0,0,0,0,0,0,0,0,0,0,0,0,0,0,0,0,0,0,0,0,0,0,0,0,0,0,0,0,0,0,0,0,0,0,0,0,0,0,0,0,0,0,0,0,0,0,0.0,0.0,0.0,0.0,0,0,0,0,0,0,0,0,0,0,0,0,0,0,0,0,0,0,0,0,0,0,0,0,0,0,0,0,0,0,0,0,0,0,0,0,0,0,0,0,0,0,0,0,0,0,0,0,0,0,0,0,0,0,0,0,0,0,0,0,0,0,0,0,0,0,0,0.0,0.0,0.0,0.0,0.0,0.0,0,0,0,0,0,0,0,0,0,0,0,0,0,0,0,0,0,0,0,0,0,0,0,0,0,0,0,0,0,0,0,0,0,0,0,0,0,0,0,0,0,0,0,0,0,0,0,0,0,0,0,0,0,0,0,0,0,0,0,0,0,0,0,0,0,0,0,0,0,0,0.0,0,0,0,0,0,0,0,0,0,0,0,0,0,0,0,0,0,0,0,0,0.0,0,0,0,0,0,0,0,0,0,0,0,0,0
5,23.5841953125,3.923825000000001,17.972590520833332,0.0,22.818575000000003,20.11921875,14.205375000000004,54.66175000000001,10.293750000000001,17.697726944444444,16.396184895833333,5.9316796875,0,0,0,0,0,0,10.850624999999999,0,0,0.0,0.0,16.299200000000003,34.969136041666665,0,0,0,0,0,0,0,0,0,0,17.996875000000003,13.209550000000004,14.746875000000003,15.201679166666667,3.5887499999999997,0,0,0,128.73269921874999,186.53192708333333,0,0,51.0823671875,0,0,53.69607142857143,47.041450781250006,53.4568359375,9.11484375,8.945284523809523,0,0,0,24.091214062500004,8.556510416666667,68.0242578125,2.0823046875,31.234570312500004,0,0,0,0,0,0,0,0,0,116.60812395833332,185.56641796875002,4.9297825,22.00938125,61.0453125,45.5625,21.540915138888888,67.36249609375001,0,0,0,77.67637109375,57.54486291666667,57.54486291666667,57.54486291666667,4.255570166666668,4.255570166666668,4.255570166666668,4.255570166666668,25.94369307291667,80.8869140625,50.96492734375001,30.374675781249998,50.577152343749994,29.66469625000001,24.662695312500006,32.88359375000001,45.5625,15.387806250000006,96.98687500000003,0,0,50.91810937500001,1.9218925000000004,1.9218925000000004,10.39959375,19.808749999999996,0.0,63.49479296875001,17.744062500000002,40.77418583333334,29.628718749999997,0,0,0,13.301475000000002,12.025655000000002,45.374962499999995,0,0,0,0,0,37.37109375,0,0,0,0,0,0,0,0,0,0,0,0,0,0,0,0,0,0,0,0,0,0,0,0,42.287142857142854,0,0,0,0,0,0,0,0,42.313953125,84.7299,0,0,0,0,45.23991796875,50.32324218749999,47.007640952380946,37.919765625,0,0,0,0,0,0,0,0,0,0,37.67006249999999,8.36696875,45.08624999999999,0,0,0,0,0,0,0,0,0,0,0,0,0,0,0,0,0,0,0,0,0,0,31.059140625,52.07578125,0,0,0,83.053125,83.23769531250001,0,0,0,0,0,0,0,0,0,0,0,0,0,0,0,0,0,0,0,0,0,0,0,0,0,0,0,0,0,0,17.730196874999997,0,0,0,0,0,0,0,0,0,0,0,0,0,0,0,0,0,0,0,0,0,0,0,0,0,0,0,0,0,0,0,0,0,0,0,0,0,0,0,0,0,0,0,0,0.0,0.0,0.0,0.0,0.0,0.0,0,0,0,0,0,0,0,0,0,0,0,0,0,0,0,0,0,0,0,0,0,0,0,0,0,0,0,0,0,0,0,0,0,0,0,0,0,0,0,0,0,0,0,0,0,0,0,0,0,0,0,0,0,0,0,0,0,0,0,0,0,0,0,0,0,0,0,0,0,0,0.0,0.0,0.0,0.0,0,0,0,0,0,0,0,0,0,0,0,0,0,0,0,0,0,0,0,0,0,0,0,0,0,0,0,0,0,0,0,0,0,0,0,0,0,0,0,0,0,0,0,0,0,0,0,0,0,0,0,0,0,0,0,0,0,0,0,0,0,0,0,0,0,0,0,0.0,0.0,0.0,0.0,0.0,0.0,0,0,0,0,0,0,0,0,0,0,0,0,0,0,0,0,0,0,0,0,0,0,0,0,0,0,0,0,0,0,0,0,0,0,0,0,0,0,0,0,0,0,0,0,0,0,0,0,0,0,0,0,0,0,0,0,0,0,0,0,0,0,0,0,0,0,0,0,0,0,0.0,0,0,0,0,0,0,0,0,0,0,0,0,0,0,0,0,0,0,0,0,0.0,0,0,0,0,0,0,0,0,0,0,0,0,0
6,23.65919921875,2.980391666666667,31.73705432291666,0.0,17.33214166666667,20.183203125,10.789875000000002,71.0409453125,7.818750000000001,45.29760715277778,24.314605729166672,8.7963421875,0,0,0,0,0,0,18.458125,0,0,0.0,0.0,12.38026666666667,61.75055114583332,0,0,0,0,0,0,0,0,0,0,46.06328125,10.033483333333336,19.165722656249997,15.09862703125,3.564421875,0,0,0,105.36123203125,152.66698958333333,0,0,41.8083453125,0,0,44.65714285714286,35.50812109375,48.171679687499996,6.3649218749999985,7.608765595238095,0,0,0,21.7093703125,7.003072916666667,55.6744296875,1.5424999999999998,23.137499999999996,0,0,0,0,0,0,0,0,0,95.43787770833335,167.18169609375,8.220992499999998,30.142169861111114,21.04486607142857,48.17578125,12.313949027777777,51.97650390625,0,0,0,59.934628906250005,52.594468541666664,52.594468541666664,52.594468541666664,23.727055166666666,23.727055166666666,23.727055166666666,23.727055166666666,20.018000260416667,70.4724609375,37.39679609375,41.354625,39.2778046875,76.63379864583334,22.670507812500002,30.22734375,48.17578125,39.751832812500005,67.123125,0,0,35.239640625,10.7155675,10.7155675,5.944968749999999,11.323749999999999,0.0,48.992207031250004,29.590312499999996,31.461120833333332,2.4937500000000004,0,0,0,22.181775,20.054194999999996,64.61201249999999,0,0,0,0,0,33.97890625,0,0,0,0,0,0,0,0,0,0,0,0,0,0,0,0,0,0,0,0,0,0,0,0,29.0025,0,0,0,0,0,0,0,0,60.253265625,102.620175,0,0,0,0,64.41971484375,97.6576171875,32.24003833333333,53.42151171875001,0,0,0,0,0,0,0,0,0,0,34.2507375,52.284390625,45.7696875,0,0,0,0,0,0,0,0,0,0,0,0,0,0,0,0,0,0,0,0,0,0,29.290781249999995,54.0123046875,0,0,0,62.15625,94.93359375,0,0,0,0,0,0,0,0,0,0,0,0,0,0,0,0,0,0,0,0,0,0,0,0,0,0,0,0,0,0,18.852525,0,0,0,0,0,0,0,0,0,0,0,0,0,0,0,0,0,0,0,0,0,0,0,0,0,0,0,0,0,0,0,0,0,0,0,0,0,0,0,0,0,0,0,0,0.0,0.0,0.0,0.0,0.0,0.0,0,0,0,0,0,0,0,0,0,0,0,0,0,0,0,0,0,0,0,0,0,0,0,0,0,0,0,0,0,0,0,0,0,0,0,0,0,0,0,0,0,0,0,0,0,0,0,0,0,0,0,0,0,0,0,0,0,0,0,0,0,0,0,0,0,0,0,0,0,0,0.0,0.0,0.0,0.0,0,0,0,0,0,0,0,0,0,0,0,0,0,0,0,0,0,0,0,0,0,0,0,0,0,0,0,0,0,0,0,0,0,0,0,0,0,0,0,0,0,0,0,0,0,0,0,0,0,0,0,0,0,0,0,0,0,0,0,0,0,0,0,0,0,0,0,0.0,0.0,0.0,0.0,0.0,0.0,0,0,0,0,0,0,0,0,0,0,0,0,0,0,0,0,0,0,0,0,0,0,0,0,0,0,0,0,0,0,0,0,0,0,0,0,0,0,0,0,0,0,0,0,0,0,0,0,0,0,0,0,0,0,0,0,0,0,0,0,0,0,0,0,0,0,0,0,0,0,0.0,0,0,0,0,0,0,0,0,0,0,0,0,0,0,0,0,0,0,0,0,0.0,0,0,0,0,0,0,0,0,0,0,0,0,0
7,10.429664062500002,3.20660125,8.172318072916665,0.0,18.64763875,8.897343750000001,11.608818750000001,55.407789062499994,8.4121875,23.505801944444446,13.169009374999998,4.764178124999999,0,0,0,0,0,0,1.0718749999999997,0,0,0.0,0.0,13.31992,15.90081864583333,0,0,0,0,0,0,0,0,0,0,23.903125000000003,10.7950175,14.94814453125,18.53985354166667,4.376812500000001,0,0,0,49.54663281249999,71.79239583333333,0,0,19.660578124999997,0,0,27.83107142857143,13.241696875,29.162695312500006,3.5187890624999993,6.3390475,0,0,0,13.142654687500004,3.2932291666666664,26.181171874999997,0.7241015625000001,10.861523437500002,0,0,0,0,0,0,0,0,0,44.88012708333333,91.85822343750002,9.967396666666666,27.670197638888887,51.40647321428572,33.50234375,10.482964444444448,51.166628906250004,0,0,0,59.000753906250004,33.12904666666667,33.12904666666667,33.12904666666667,46.477948166666664,46.477948166666664,46.477948166666664,46.477948166666664,19.70608859375,54.478125,53.607681250000006,57.47310468749999,21.323542968749997,36.74484479166668,14.212207031250001,18.949609375,33.50234375,19.060453125000006,21.7125,0,0,11.3990625,20.9902825,20.9902825,5.061000000000002,9.640000000000002,0.0,48.22883203125001,35.87625,30.970907500000003,5.31525,0,0,0,26.893900000000002,24.314353333333337,53.85791249999999,0,0,0,0,0,35.11953125,0,0,0,0,0,0,0,0,0,0,0,0,0,0,0,0,0,0,0,0,0,0,0,0,3.604017857142857,0,0,0,0,0,0,0,0,50.22464062499999,51.595499999999994,0,0,0,0,53.697621093749994,84.615234375,4.0063330357142855,50.72066015625001,0,0,0,0,0,0,0,0,0,0,35.4004875,37.877765625,23.167968749999996,0,0,0,0,0,0,0,0,0,0,0,0,0,0,0,0,0,0,0,0,0,0,14.193984375000001,41.97949218750001,0,0,0,21.991406250000008,84.79453124999999,0,0,0,0,0,0,0,0,0,0,0,0,0,0,0,0,0,0,0,0,0,0,0,0,0,0,0,0,0,0,13.546856250000001,0,0,0,0,0,0,0,0,0,0,0,0,0,0,0,0,0,0,0,0,0,0,0,0,0,0,0,0,0,0,0,0,0,0,0,0,0,0,0,0,0,0,0,0,0.0,0.0,0.0,0.0,0.0,0.0,0,0,0,0,0,0,0,0,0,0,0,0,0,0,0,0,0,0,0,0,0,0,0,0,0,0,0,0,0,0,0,0,0,0,0,0,0,0,0,0,0,0,0,0,0,0,0,0,0,0,0,0,0,0,0,0,0,0,0,0,0,0,0,0,0,0,0,0,0,0,0.0,0.0,0.0,0.0,0,0,0,0,0,0,0,0,0,0,0,0,0,0,0,0,0,0,0,0,0,0,0,0,0,0,0,0,0,0,0,0,0,0,0,0,0,0,0,0,0,0,0,0,0,0,0,0,0,0,0,0,0,0,0,0,0,0,0,0,0,0,0,0,0,0,0,0.0,0.0,0.0,0.0,0.0,0.0,0,0,0,0,0,0,0,0,0,0,0,0,0,0,0,0,0,0,0,0,0,0,0,0,0,0,0,0,0,0,0,0,0,0,0,0,0,0,0,0,0,0,0,0,0,0,0,0,0,0,0,0,0,0,0,0,0,0,0,0,0,0,0,0,0,0,0,0,0,0,0.0,0,0,0,0,0,0,0,0,0,0,0,0,0,0,0,0,0,0,0,0,0.0,0,0,0,0,0,0,0,0,0,0,0,0,0
8,11.066785156249999,1.4365916666666665,7.17015296875,1.0113873856179554,8.354341666666665,9.440859374999999,5.200875,83.762703125,3.7687499999999994,17.32127763888889,21.030289583333335,7.608168750000001,0,0,0,0,0,0,0.6162500000000001,0,0,0.1517081078426933,23.26190986921297,5.967466666666666,13.9509134375,0,0,0,0,0,0,0,0,0,0,17.614062500000003,4.836283333333333,22.5978515625,23.006240312500005,5.431218750000001,0,0,0,38.2816890625,55.46964583333333,0,0,15.190540625,0,0,21.67285714285714,2.016190625,12.4359375,2.1799218750000002,2.237074523809524,0,0,0,5.6044625,2.5444791666666666,20.228609375,0.635546875,9.533203125,0,0,0,0,0,0,0,0,0,34.67616208333333,72.25258828124998,10.41864875,54.04702409722223,20.89151785714286,7.932812500000002,18.66598388888889,41.55426171874999,0,0,0,47.91663671874999,69.084290625,69.084290625,69.084290625,38.738006999999996,38.738006999999996,38.738006999999996,38.738006999999996,16.00402411458333,36.021093750000006,42.33791484375,65.70660468749999,32.34179296875,29.216056770833337,13.985742187500001,18.64765625,7.932812500000002,15.155085937500003,19.224375,0,0,10.092796874999998,17.494784999999997,17.494784999999997,9.011624999999999,17.165,3.003820535285328,39.16837109375,37.500468749999996,25.15258916666666,15.357937499999997,0,0,0,28.1114625,25.4151325,150.50621249999998,0,0,0,0,0,37.014843750000004,0,0,0,0,0,0,0,0,0,0,0,0,0,0,0,0,0,0,0,0,0,0,0,0,5.81544642857143,0,0,0,0,0,0,0,0,140.353015625,95.31007500000001,0,0,0,0,150.05827734375,73.6359375,6.46462255952381,42.46982031249999,0,0,0,0,0,0,0,0,0,0,37.3109625,41.442046875,16.73953125,0,0,0,0,0,0,0,0,0,0,0,0,0,0,0,0,0,0,0,0,0,0,10.892343749999998,20.6876953125,0,0,0,12.082031249999998,66.72832031249999,0,0,0,0,0,0,0,0,0,0,0,0,0,0,0,0,0,0,0,0,0,0,0,0,0,0,0,0,0,0,15.176334375,0,0,0,0,0,0,0,0,0,0,0,0,0,0,0,0,0,0,0,0,0,0,0,0,0,0,0,0,0,0,0,0,0,0,0,0,0,0,0,0,0,0,0,0,0.10619567548988533,2.2756216176404,0.5562630620898755,0.8040529715662746,1.0538656558139097,3.086754300906,0,0,0,0,0,0,0,0,0,0,0,0,0,0,0,0,0,0,0,0,0,0,0,0,0,0,0,0,0,0,0,0,0,0,0,0,0,0,0,0,0,0,0,0,0,0,0,0,0,0,0,0,0,0,0,0,0,0,0,0,0,0,0,0,0,0,0,0,0,0,2.9431372921482506,0.7585405392134666,0.7585405392134666,0.4450104496719005,0,0,0,0,0,0,0,0,0,0,0,0,0,0,0,0,0,0,0,0,0,0,0,0,0,0,0,0,0,0,0,0,0,0,0,0,0,0,0,0,0,0,0,0,0,0,0,0,0,0,0,0,0,0,0,0,0,0,0,0,0,0,0,0,0,0,0,0.7585405392134666,2.1461640322813014,2.1461640322813014,2.1461640322813014,2.1461640322813014,4.2933394519482215,0,0,0,0,0,0,0,0,0,0,0,0,0,0,0,0,0,0,0,0,0,0,0,0,0,0,0,0,0,0,0,0,0,0,0,0,0,0,0,0,0,0,0,0,0,0,0,0,0,0,0,0,0,0,0,0,0,0,0,0,0,0,0,0,0,0,0,0,0,0,3.3375783725392525,0,0,0,0,0,0,0,0,0,0,0,0,0,0,0,0,0,0,0,0,8.647362147033519,0,0,0,0,0,0,0,0,0,0,0,0,0
9,27.730015625,7.866947500000001,8.654388489583331,3.844909884446386,45.7493725,23.6559375,28.480612500000003,128.77046875,20.638125000000002,15.804724722222222,44.080817708333335,15.947203125000001,0,0,0,0,0,0,0.6143750000000001,0,0,0.5767364826669578,88.43292734226686,32.67856,16.838779479166664,0,0,0,0,0,0,0,0,0,0,16.071875,26.484065000000005,34.740234375,13.514125989583333,3.1903593749999994,0,0,0,25.648590624999997,37.16445833333333,0,0,10.17760625,0,0,14.346428571428573,5.111350000000001,20.898632812499997,3.25640625,11.769000952380951,0,0,0,9.418317187499998,1.7047916666666665,13.553093749999999,1.0861328124999998,16.2919921875,0,0,0,0,0,0,0,0,0,23.232900833333332,68.75556796875,5.961215833333333,39.91352291666667,72.87991071428571,21.0390625,22.935562638888886,33.606546875,0,0,0,38.752046875,60.91695395833333,60.91695395833333,60.91695395833333,6.501881833333334,6.501881833333334,6.501881833333334,6.501881833333334,12.943076458333332,35.996484374999994,47.360809375,70.43501953124999,33.069339843749994,44.80854911458333,10.96494140625,14.619921875000001,21.0390625,23.243294531249997,19.906875000000003,0,0,10.451109375000001,2.9363675000000007,2.9363675000000007,11.072906249999997,21.091249999999995,11.419382356805766,31.676984374999996,21.4565625,20.341876666666664,27.650343749999994,0,0,0,16.084475,14.541721666666668,136.9690875,0,0,0,0,0,28.5203125,0,0,0,0,0,0,0,0,0,0,0,0,0,0,0,0,0,0,0,0,0,0,0,0,103.29107142857144,0,0,0,0,0,0,0,0,127.72910937500001,179.60411249999999,0,0,0,0,136.56144140625,61.891992187499994,114.82141547619048,37.689011718749995,0,0,0,0,0,0,0,0,0,0,28.748475,43.902328125,29.965781250000003,0,0,0,0,0,0,0,0,0,0,0,0,0,0,0,0,0,0,0,0,0,0,15.714140625000002,33.932226562500006,0,0,0,35.325,28.283789062500006,0,0,0,0,0,0,0,0,0,0,0,0,0,0,0,0,0,0,0,0,0,0,0,0,0,0,0,0,0,0,43.469353125,0,0,0,0,0,0,0,0,0,0,0,0,0,0,0,0,0,0,0,0,0,0,0,0,0,0,0,0,0,0,0,0,0,0,0,0,0,0,0,0,0,0,0,0,0.4037155378668705,8.651047240004367,2.114700436445512,3.0567033581348766,4.006396099593133,11.734664967330367,0,0,0,0,0,0,0,0,0,0,0,0,0,0,0,0,0,0,0,0,0,0,0,0,0,0,0,0,0,0,0,0,0,0,0,0,0,0,0,0,0,0,0,0,0,0,0,0,0,0,0,0,0,0,0,0,0,0,0,0,0,0,0,0,0,0,0,0,0,0,11.18868776373898,2.8836824133347885,2.8836824133347885,1.6917603491564095,0,0,0,0,0,0,0,0,0,0,0,0,0,0,0,0,0,0,0,0,0,0,0,0,0,0,0,0,0,0,0,0,0,0,0,0,0,0,0,0,0,0,0,0,0,0,0,0,0,0,0,0,0,0,0,0,0,0,0,0,0,0,0,0,0,0,0,2.8836824133347885,8.158898774795231,8.158898774795231,8.158898774795231,8.158898774795231,16.321642459474905,0,0,0,0,0,0,0,0,0,0,0,0,0,0,0,0,0,0,0,0,0,0,0,0,0,0,0,0,0,0,0,0,0,0,0,0,0,0,0,0,0,0,0,0,0,0,0,0,0,0,0,0,0,0,0,0,0,0,0,0,0,0,0,0,0,0,0,0,0,0,12.688202618673069,0,0,0,0,0,0,0,0,0,0,0,0,0,0,0,0,0,0,0,0,32.873979512016604,0,0,0,0,0,0,0,0,0,0,0,0,0
10,41.06092968749999,17.560725,5.541876354166667,5.859342008943045,102.122475,35.02828125,63.574875000000006,110.1151484375,46.06875,51.19249597222222,57.083484375,20.651203125,0,0,0,0,0,0,5.869375,0,0,0.8789013013414567,134.76486620569003,72.9456,10.782787708333332,0,0,0,0,0,0,0,0,0,0,52.0578125,59.11815,29.70732421875,12.5807,2.97,0,0,0,21.42031875,31.03775,0,0,8.4997875,0,0,10.361785714285714,13.992743749999997,30.6896484375,6.744023437500001,15.44455357142857,0,0,0,13.830801562500001,1.42375,11.3188125,1.6212890625,24.3193359375,0,0,0,0,0,0,0,0,0,19.402865000000002,55.112453906249996,6.1675024999999986,63.17301583333334,73.29843749999999,26.48046875,16.84587375,45.61261718750001,0,0,0,52.59636718750001,50.948167916666655,50.948167916666655,50.948167916666655,19.811019666666663,19.811019666666663,19.811019666666663,19.811019666666663,17.567041145833333,61.44843750000001,52.2154984375,67.3392703125,46.21187109374999,71.23468588541668,12.320800781249998,16.427734374999996,26.48046875,36.95118046875001,20.121875000000003,0,0,10.563984375,8.947014999999999,8.947014999999999,8.13290625,15.49125,17.402245766560842,42.993710937500005,22.199062499999993,27.609091666666668,29.357375000000005,0,0,0,16.641074999999997,15.044934999999997,135.91935,0,0,0,0,0,44.489062499999996,0,0,0,0,0,0,0,0,0,0,0,0,0,0,0,0,0,0,0,0,0,0,0,0,104.97375,0,0,0,0,0,0,0,0,126.75018750000001,146.92991250000003,0,0,0,0,135.514828125,65.61855468750001,116.69193083333332,41.06388671875,0,0,0,0,0,0,0,0,0,0,44.844975,43.947968749999994,41.24812500000001,0,0,0,0,0,0,0,0,0,0,0,0,0,0,0,0,0,0,0,0,0,0,15.191249999999998,50.10175781249999,0,0,0,57.41484375,53.469140625,0,0,0,0,0,0,0,0,0,0,0,0,0,0,0,0,0,0,0,0,0,0,0,0,0,0,0,0,0,0,60.290690625,0,0,0,0,0,0,0,0,0,0,0,0,0,0,0,0,0,0,0,0,0,0,0,0,0,0,0,0,0,0,0,0,0,0,0,0,0,0,0,0,0,0,0,0,0.6152309109390197,13.183519520121848,3.2226381049186745,4.658176897109722,6.105434373318652,17.882711811294172,0,0,0,0,0,0,0,0,0,0,0,0,0,0,0,0,0,0,0,0,0,0,0,0,0,0,0,0,0,0,0,0,0,0,0,0,0,0,0,0,0,0,0,0,0,0,0,0,0,0,0,0,0,0,0,0,0,0,0,0,0,0,0,0,0,0,0,0,0,0,17.050685246024262,4.394506506707284,4.394506506707284,2.57811048393494,0,0,0,0,0,0,0,0,0,0,0,0,0,0,0,0,0,0,0,0,0,0,0,0,0,0,0,0,0,0,0,0,0,0,0,0,0,0,0,0,0,0,0,0,0,0,0,0,0,0,0,0,0,0,0,0,0,0,0,0,0,0,0,0,0,0,0,4.394506506707284,12.43352374297714,12.43352374297714,12.43352374297714,12.43352374297714,24.872906827963227,0,0,0,0,0,0,0,0,0,0,0,0,0,0,0,0,0,0,0,0,0,0,0,0,0,0,0,0,0,0,0,0,0,0,0,0,0,0,0,0,0,0,0,0,0,0,0,0,0,0,0,0,0,0,0,0,0,0,0,0,0,0,0,0,0,0,0,0,0,0,19.335828629512047,0,0,0,0,0,0,0,0,0,0,0,0,0,0,0,0,0,0,0,0,50.09737417646304,0,0,0,0,0,0,0,0,0,0,0,0,0
11,113.52212109375,11.158243333333333,10.688042500000002,6.7189904642972405,64.88954333333332,96.84351562500001,40.39605,90.58673437499999,29.272499999999997,16.317925,47.64258333333334,17.235750000000003,0,0,0,0,0,0,29.4575,0,0,1.0078485696445862,154.53678067883655,46.350293333333326,20.795645000000004,0,0,0,0,0,0,0,0,0,0,16.59375,37.564206666666664,24.438867187499998,42.023231197916665,9.920671874999998,0,0,0,17.10741875,24.78841666666667,0,0,6.788387500000002,0,0,8.761428571428572,19.787440625,41.132226562499994,5.467265625,16.144706666666664,0,0,0,18.5369234375,1.1370833333333334,9.039812500000002,3.09046875,46.35703125,0,0,0,0,0,0,0,0,0,15.49617166666667,40.959780468750004,7.76739625,50.36731687499999,77.40602678571429,24.650781249999998,46.85254388888889,45.989796875,0,0,0,53.031296875,76.71339520833332,76.71339520833332,76.71339520833332,34.98449266666666,34.98449266666666,34.98449266666666,34.98449266666666,17.712306458333334,57.830273437500004,38.87540859375001,36.324860937500006,28.77019921874999,38.93445973958333,13.241015625,17.6546875,24.650781249999998,20.19626015625,13.610625,0,0,7.145578125,15.799629999999999,15.799629999999999,22.619625,43.085,19.955401678962804,43.349234375,27.95765625,27.837396666666667,39.4261875,0,0,0,20.957887500000002,18.9476975,96.6609,0,0,0,0,0,59.45390625,0,0,0,0,0,0,0,0,0,0,0,0,0,0,0,0,0,0,0,0,0,0,0,0,81.04901785714284,0,0,0,0,0,0,0,0,90.14012500000001,198.45682499999998,0,0,0,0,96.37321875,82.243359375,90.09648970238094,69.603625,0,0,0,0,0,0,0,0,0,0,59.929537499999995,55.067390625,46.5928125,0,0,0,0,0,0,0,0,0,0,0,0,0,0,0,0,0,0,0,0,0,0,16.406484375,55.339453125,0,0,0,69.05390625,60.396093750000006,0,0,0,0,0,0,0,0,0,0,0,0,0,0,0,0,0,0,0,0,0,0,0,0,0,0,0,0,0,0,72.283753125,0,0,0,0,0,0,0,0,0,0,0,0,0,0,0,0,0,0,0,0,0,0,0,0,0,0,0,0,0,0,0,0,0,0,0,0,0,0,0,0,0,0,0,0,0.7054939987512103,15.117728544668793,3.6954447553634826,5.341597419116307,7.001188063797724,20.506358897035177,0,0,0,0,0,0,0,0,0,0,0,0,0,0,0,0,0,0,0,0,0,0,0,0,0,0,0,0,0,0,0,0,0,0,0,0,0,0,0,0,0,0,0,0,0,0,0,0,0,0,0,0,0,0,0,0,0,0,0,0,0,0,0,0,0,0,0,0,0,0,19.552262251104967,5.039242848222932,5.039242848222932,2.9563558042907863,0,0,0,0,0,0,0,0,0,0,0,0,0,0,0,0,0,0,0,0,0,0,0,0,0,0,0,0,0,0,0,0,0,0,0,0,0,0,0,0,0,0,0,0,0,0,0,0,0,0,0,0,0,0,0,0,0,0,0,0,0,0,0,0,0,0,0,5.039242848222932,14.257697765238746,14.257697765238746,14.257697765238746,14.257697765238746,28.522114520941788,0,0,0,0,0,0,0,0,0,0,0,0,0,0,0,0,0,0,0,0,0,0,0,0,0,0,0,0,0,0,0,0,0,0,0,0,0,0,0,0,0,0,0,0,0,0,0,0,0,0,0,0,0,0,0,0,0,0,0,0,0,0,0,0,0,0,0,0,0,0,22.172668532180897,0,0,0,0,0,0,0,0,0,0,0,0,0,0,0,0,0,0,0,0,57.4473684697414,0,0,0,0,0,0,0,0,0,0,0,0,0
12,35.27244140625,6.710169583333334,13.751251979166666,7.238843054352799,39.022257083333336,30.090234375000005,24.292743750000003,44.668953125,17.603437500000002,23.563421736111113,8.972982812500002,3.2461734375000004,0,0,0,0,0,0,61.71875000000001,0,0,1.08582645815292,166.49339025011437,27.873413333333335,26.75570895833333,0,0,0,0,0,0,0,0,0,0,23.961718750000003,22.589774166666672,12.0509765625,39.921086770833334,9.424406249999999,0,0,0,30.937064843749997,44.827385416666665,0,0,12.2761234375,0,0,12.248571428571429,29.57696640625,45.6720703125,0.8963671875,19.658028690476186,0,0,0,20.5828796875,2.0563020833333336,16.3476015625,4.5970703125,68.9560546875,0,0,0,0,0,0,0,0,0,28.02328479166667,44.704816406249996,9.220779583333332,41.56709576388889,73.95401785714286,18.1234375,6.228338055555556,16.537124999999996,0,0,0,19.069124999999996,62.516326875,62.516326875,62.516326875,7.0981378333333325,7.0981378333333325,7.0981378333333325,7.0981378333333325,6.3690349999999984,43.2521484375,27.539822656249996,60.74077499999999,43.728679687500005,35.578745416666656,13.2873046875,17.716406250000002,18.1234375,18.455568749999994,11.906875000000001,0,0,6.251109375000001,3.2056474999999995,3.2056474999999995,3.0069375,5.727499999999999,21.499363871427814,15.587624999999997,33.188906249999995,10.009839999999999,42.79215625,0,0,0,24.8793875,22.493064166666667,99.90933749999999,0,0,0,0,0,74.85703125,0,0,0,0,0,0,0,0,0,0,0,0,0,0,0,0,0,0,0,0,0,0,0,0,75.24803571428569,0,0,0,0,0,0,0,0,93.16942187500001,209.85230625000003,0,0,0,0,99.61198828125,82.3904296875,83.64794607142855,88.62218750000001,0,0,0,0,0,0,0,0,0,0,75.4558875,53.799156249999996,46.01671875000001,0,0,0,0,0,0,0,0,0,0,0,0,0,0,0,0,0,0,0,0,0,0,23.811093750000005,62.13457031249999,0,0,0,72.55781250000001,74.65078125,0,0,0,0,0,0,0,0,0,0,0,0,0,0,0,0,0,0,0,0,0,0,0,0,0,0,0,0,0,0,64.41969375,0,0,0,0,0,0,0,0,0,0,0,0,0,0,0,0,0,0,0,0,0,0,0,0,0,0,0,0,0,0,0,0,0,0,0,0,0,0,0,0,0,0,0,0,0.760078520707044,16.287396872293794,3.98136367989404,5.7548802282104745,7.542874462635617,22.092949001884747,0,0,0,0,0,0,0,0,0,0,0,0,0,0,0,0,0,0,0,0,0,0,0,0,0,0,0,0,0,0,0,0,0,0,0,0,0,0,0,0,0,0,0,0,0,0,0,0,0,0,0,0,0,0,0,0,0,0,0,0,0,0,0,0,0,0,0,0,0,0,21.06503328816665,5.429132290764599,5.429132290764599,3.185090943915232,0,0,0,0,0,0,0,0,0,0,0,0,0,0,0,0,0,0,0,0,0,0,0,0,0,0,0,0,0,0,0,0,0,0,0,0,0,0,0,0,0,0,0,0,0,0,0,0,0,0,0,0,0,0,0,0,0,0,0,0,0,0,0,0,0,0,0,5.429132290764599,15.360824961336641,15.360824961336641,15.360824961336641,15.360824961336641,30.72888876572764,0,0,0,0,0,0,0,0,0,0,0,0,0,0,0,0,0,0,0,0,0,0,0,0,0,0,0,0,0,0,0,0,0,0,0,0,0,0,0,0,0,0,0,0,0,0,0,0,0,0,0,0,0,0,0,0,0,0,0,0,0,0,0,0,0,0,0,0,0,0,23.88818207936424,0,0,0,0,0,0,0,0,0,0,0,0,0,0,0,0,0,0,0,0,61.892108114716436,0,0,0,0,0,0,0,0,0,0,0,0,0
13,1.54211328125,2.6952175000000005,6.6722928124999985,7.149820968855453,15.673742500000001,1.3155468750000001,9.7574625,3.7269374999999996,7.070625000000001,49.35250395833334,5.206780729166666,1.8836671874999997,0,0,0,0,0,0,25.3025,0,0,1.0724731453283178,164.44588228367542,11.195680000000001,12.982230624999996,0,0,0,0,0,0,0,0,0,0,50.186718750000004,9.073445000000001,1.00546875,27.511941770833335,6.49490625,0,0,0,29.4333484375,42.64852083333334,0,0,11.679434375000003,0,0,12.131785714285716,35.8101265625,49.09570312500001,2.8522265625000003,19.87149,0,0,0,22.125796875000002,1.956354166666667,15.553015625000002,5.165,77.475,0,0,0,0,0,0,0,0,0,26.661194583333337,43.817596875,2.508258333333333,28.324387430555554,43.978794642857146,17.957031250000004,5.410036111111111,5.541765625,0,0,0,6.390265625,43.64947270833332,43.64947270833332,43.64947270833332,17.996372499999996,17.996372499999996,17.996372499999996,17.996372499999996,2.1343310416666665,7.539257812500001,11.2877171875,58.958019531249995,40.05106640625,16.468883229166668,7.9579101562500005,10.610546875,17.957031250000004,8.542814062500002,8.824375000000002,0,0,4.632796875,8.127487499999999,8.127487499999999,2.611875,4.9750000000000005,21.23496827750069,5.2235781249999995,9.028125,3.354403333333333,37.744093750000005,0,0,0,6.7677499999999995,6.118616666666666,101.46779999999998,0,0,0,0,0,97.06015625,0,0,0,0,0,0,0,0,0,0,0,0,0,0,0,0,0,0,0,0,0,0,0,0,72.70232142857142,0,0,0,0,0,0,0,0,94.62274999999998,200.7644625,0,0,0,0,101.16581249999999,82.7888671875,80.81805464285713,130.14916796875002,0,0,0,0,0,0,0,0,0,0,97.8366375,54.22896874999999,55.90921875,0,0,0,0,0,0,0,0,0,0,0,0,0,0,0,0,0,0,0,0,0,0,28.727578125,73.1982421875,0,0,0,78.95390625,82.05468750000001,0,0,0,0,0,0,0,0,0,0,0,0,0,0,0,0,0,0,0,0,0,0,0,0,0,0,0,0,0,0,80.53723124999999,0,0,0,0,0,0,0,0,0,0,0,0,0,0,0,0,0,0,0,0,0,0,0,0,0,0,0,0,0,0,0,0,0,0,0,0,0,0,0,0,0,0,0,0,0.7507312017298226,16.08709717992477,3.9324015328704984,5.684107670240085,7.450113449547381,21.821253596946846,0,0,0,0,0,0,0,0,0,0,0,0,0,0,0,0,0,0,0,0,0,0,0,0,0,0,0,0,0,0,0,0,0,0,0,0,0,0,0,0,0,0,0,0,0,0,0,0,0,0,0,0,0,0,0,0,0,0,0,0,0,0,0,0,0,0,0,0,0,0,20.805979019369367,5.362365726641589,5.362365726641589,3.1459212262964,0,0,0,0,0,0,0,0,0,0,0,0,0,0,0,0,0,0,0,0,0,0,0,0,0,0,0,0,0,0,0,0,0,0,0,0,0,0,0,0,0,0,0,0,0,0,0,0,0,0,0,0,0,0,0,0,0,0,0,0,0,0,0,0,0,0,0,5.362365726641589,15.171920095911268,15.171920095911268,15.171920095911268,15.171920095911268,30.3509900127914,0,0,0,0,0,0,0,0,0,0,0,0,0,0,0,0,0,0,0,0,0,0,0,0,0,0,0,0,0,0,0,0,0,0,0,0,0,0,0,0,0,0,0,0,0,0,0,0,0,0,0,0,0,0,0,0,0,0,0,0,0,0,0,0,0,0,0,0,0,0,23.594409197222994,0,0,0,0,0,0,0,0,0,0,0,0,0,0,0,0,0,0,0,0,61.130969283714116,0,0,0,0,0,0,0,0,0,0,0,0,0
14,9.18921484375,3.2559170833333333,6.3387748437499996,6.6503282453817825,18.934429583333333,7.839140625,11.78735625,87.80782031250001,8.5415625,38.54917715277778,4.938219791666667,1.786509375,0,0,0,0,0,0,27.509375,0,0,0.9975492368072671,152.95754964378096,13.524773333333332,12.333307187499999,0,0,0,0,0,0,0,0,0,0,39.200781250000006,10.961039166666668,23.689160156250004,34.05843291666667,8.040375000000001,0,0,0,49.842047656249996,72.22044791666666,0,0,19.7778015625,0,0,21.397857142857145,37.262503124999995,48.0955078125,0.43816406250000006,26.026709642857142,0,0,0,21.6750421875,3.312864583333333,26.3372734375,2.5005859375000004,37.50878906250001,0,0,0,0,0,0,0,0,0,45.14771854166666,60.046837499999995,0.04453916666666667,26.639032083333337,8.872098214285714,35.64296875,2.593555,5.6087109375,0,0,0,6.4674609375,17.067320208333335,17.067320208333335,17.067320208333335,18.138190333333334,18.138190333333334,18.138190333333334,18.138190333333334,2.1601140625,4.3927734375,14.80274609375,55.678264062499984,20.5269375,26.981032968750004,0.2932617187500001,0.39101562500000014,35.64296875,13.99572421875,0.12,0,0,0.063,8.191535000000002,8.191535000000002,1.252125,2.385,19.751474888783893,5.2866796875,0.16031250000000002,3.3949249999999997,27.464499999999997,0,0,0,0.12017500000000002,0.10864833333333335,139.11974999999998,0,0,0,0,0,120.484375,0,0,0,0,0,0,0,0,0,0,0,0,0,0,0,0,0,0,0,0,0,0,0,0,89.60062500000001,0,0,0,0,0,0,0,0,129.73468749999998,205.38858750000003,0,0,0,0,138.70570312499999,92.025,99.60270958333334,142.86680078125,0,0,0,0,0,0,0,0,0,0,121.44824999999999,54.41728125000001,57.037499999999994,0,0,0,0,0,0,0,0,0,0,0,0,0,0,0,0,0,0,0,0,0,0,37.784765625000006,73.40800781249999,0,0,0,81.32109375,62.0859375,0,0,0,0,0,0,0,0,0,0,0,0,0,0,0,0,0,0,0,0,0,0,0,0,0,0,0,0,0,0,73.26441562499998,0,0,0,0,0,0,0,0,0,0,0,0,0,0,0,0,0,0,0,0,0,0,0,0,0,0,0,0,0,0,0,0,0,0,0,0,0,0,0,0,0,0,0,0,0.6982844657650871,14.963238552109008,3.6576805349599804,5.287010955078516,6.929642031687816,20.2968018049052,0,0,0,0,0,0,0,0,0,0,0,0,0,0,0,0,0,0,0,0,0,0,0,0,0,0,0,0,0,0,0,0,0,0,0,0,0,0,0,0,0,0,0,0,0,0,0,0,0,0,0,0,0,0,0,0,0,0,0,0,0,0,0,0,0,0,0,0,0,0,19.352455194060983,4.987746184036336,4.987746184036336,2.926144427967984,0,0,0,0,0,0,0,0,0,0,0,0,0,0,0,0,0,0,0,0,0,0,0,0,0,0,0,0,0,0,0,0,0,0,0,0,0,0,0,0,0,0,0,0,0,0,0,0,0,0,0,0,0,0,0,0,0,0,0,0,0,0,0,0,0,0,0,4.987746184036336,14.111996536700142,14.111996536700142,14.111996536700142,14.111996536700142,28.230643401645665,0,0,0,0,0,0,0,0,0,0,0,0,0,0,0,0,0,0,0,0,0,0,0,0,0,0,0,0,0,0,0,0,0,0,0,0,0,0,0,0,0,0,0,0,0,0,0,0,0,0,0,0,0,0,0,0,0,0,0,0,0,0,0,0,0,0,0,0,0,0,21.94608320975988,0,0,0,0,0,0,0,0,0,0,0,0,0,0,0,0,0,0,0,0,56.86030649801423,0,0,0,0,0,0,0,0,0,0,0,0,0
15,6.97206640625,4.106079166666667,7.6912143749999995,5.290377573122265,23.878454166666668,5.947734375,14.865187500000003,62.78673437500001,10.771875000000001,53.730839861111114,2.5287901041666667,0.9148453124999999,0,0,0,0,0,0,62.816874999999996,0,0,0.7935566359683397,121.67868418181207,17.05626666666667,14.964738749999999,0,0,0,0,0,0,0,0,0,0,54.63906250000001,13.823108333333336,16.9388671875,35.48269682291667,8.376609375000001,0,0,0,58.83456953124999,85.25048958333333,0,0,23.3461203125,0,0,20.891071428571426,44.660843750000005,46.069921875000006,1.8220312499999998,26.88758654761904,0,0,0,20.762178125000002,3.9105729166666663,31.0890546875,1.77078125,26.56171875,0,0,0,0,0,0,0,0,0,53.29328770833333,68.69130937499999,0.11838041666666668,5.416267708333333,21.180803571428573,31.122656249999995,0.02582680555555556,0.43351171875000005,0,0,0,0.49988671875000007,5.8717097916666665,5.8717097916666665,5.8717097916666665,81.76367433333333,81.76367433333333,81.76367433333333,81.76367433333333,0.16696078125000002,19.231640625,16.11514765625,34.813046875,3.31189453125,27.08456515625,0.08291015625,0.110546875,31.122656249999995,14.049428906250002,0.006875,0,0,0.0036093749999999997,36.925955,36.925955,0.01246875,0.023750000000000004,15.712421392173125,0.40862109375000005,0.42609375000000005,0.26240250000000004,14.957156249999997,0,0,0,0.31941250000000004,0.2887758333333334,149.6061,0,0,0,0,0,143.34062500000002,0,0,0,0,0,0,0,0,0,0,0,0,0,0,0,0,0,0,0,0,0,0,0,0,107.20607142857143,0,0,0,0,0,0,0,0,139.513625,208.68300000000002,0,0,0,0,149.16084375,98.7251953125,119.17344547619047,144.6771484375,0,0,0,0,0,0,0,0,0,0,144.48735,61.88221874999999,49.490625,0,0,0,0,0,0,0,0,0,0,0,0,0,0,0,0,0,0,0,0,0,0,21.5203125,69.62988281250001,0,0,0,77.80312500000001,67.153125,0,0,0,0,0,0,0,0,0,0,0,0,0,0,0,0,0,0,0,0,0,0,0,0,0,0,0,0,0,0,91.61884687500002,0,0,0,0,0,0,0,0,0,0,0,0,0,0,0,0,0,0,0,0,0,0,0,0,0,0,0,0,0,0,0,0,0,0,0,0,0,0,0,0,0,0,0,0,0.5554896451778378,11.903349539525097,2.9097076652172458,4.205850170632202,5.512573431193401,16.14623235316915,0,0,0,0,0,0,0,0,0,0,0,0,0,0,0,0,0,0,0,0,0,0,0,0,0,0,0,0,0,0,0,0,0,0,0,0,0,0,0,0,0,0,0,0,0,0,0,0,0,0,0,0,0,0,0,0,0,0,0,0,0,0,0,0,0,0,0,0,0,0,15.394998737785789,3.9677831798416983,3.9677831798416983,2.327766132173797,0,0,0,0,0,0,0,0,0,0,0,0,0,0,0,0,0,0,0,0,0,0,0,0,0,0,0,0,0,0,0,0,0,0,0,0,0,0,0,0,0,0,0,0,0,0,0,0,0,0,0,0,0,0,0,0,0,0,0,0,0,0,0,0,0,0,0,3.9677831798416983,11.226181210165443,11.226181210165443,11.226181210165443,11.226181210165443,22.45765279790401,0,0,0,0,0,0,0,0,0,0,0,0,0,0,0,0,0,0,0,0,0,0,0,0,0,0,0,0,0,0,0,0,0,0,0,0,0,0,0,0,0,0,0,0,0,0,0,0,0,0,0,0,0,0,0,0,0,0,0,0,0,0,0,0,0,0,0,0,0,0,17.458245991303475,0,0,0,0,0,0,0,0,0,0,0,0,0,0,0,0,0,0,0,0,45.23272825019537,0,0,0,0,0,0,0,0,0,0,0,0,0
16,39.20066796874999,1.2865,1.1781079166666664,3.69015171974868,7.481499999999999,33.44132812499999,4.6575,7.786171874999999,3.3749999999999996,34.22077840277778,7.607956770833333,2.7523453124999997,0,0,0,0,0,0,15.666249999999998,0,0,0.5535227579623019,84.87348955421963,5.343999999999999,2.292235833333333,0,0,0,0,0,0,0,0,0,0,34.79921875,4.3309999999999995,2.1005859374999996,0.29545583333333336,0.06975,0,0,0,60.905607812499994,88.25139583333333,0,0,24.167928125,0,0,30.454285714285707,44.001297656249996,42.05273437500001,1.8957421875,29.409945833333335,0,0,0,18.951765625000004,4.048229166666666,32.183421875,0.5604296875,8.406445312499999,0,0,0,0,0,0,0,0,0,55.16926708333333,84.77286796875,0.9165691666666667,17.54658854166667,57.857142857142854,55.935156250000006,1.2233749999999999,7.975472656250001,0,0,0,9.19659765625,41.191035416666665,41.191035416666665,41.191035416666665,81.75332266666666,81.75332266666666,81.75332266666666,81.75332266666666,3.0716381770833334,11.245898437500001,8.1948640625,22.5259515625,0.5855390625000001,6.588824739583334,7.381347656249998,9.841796874999998,55.935156250000006,3.4177851562500003,0.34312500000000007,0,0,0.18014062500000003,36.92128,36.92128,0.590625,1.125,10.959750607653577,7.517550781250001,3.2990625,4.827514166666667,6.214187500000001,0,0,0,2.473075,2.2358683333333333,150.59835000000004,0,0,0,0,0,145.7046875,0,0,0,0,0,0,0,0,0,0,0,0,0,0,0,0,0,0,0,0,0,0,0,0,119.75866071428571,0,0,0,0,0,0,0,0,140.43893750000004,211.66766249999995,0,0,0,0,150.15014062500003,94.6318359375,133.1272756547619,148.783140625,0,0,0,0,0,0,0,0,0,0,146.870325,48.515625,54.2371875,0,0,0,0,0,0,0,0,0,0,0,0,0,0,0,0,0,0,0,0,0,0,9.342187499999998,60.38671875,0,0,0,72.32578125,76.09042968749999,0,0,0,0,0,0,0,0,0,0,0,0,0,0,0,0,0,0,0,0,0,0,0,0,0,0,0,0,0,0,10.013625000000001,0,0,0,0,0,0,0,0,0,0,0,0,0,0,0,0,0,0,0,0,0,0,0,0,0,0,0,0,0,0,0,0,0,0,0,0,0,0,0,0,0,0,0,0,0.38746593057361134,8.302841369434526,2.0295834458617743,2.9336706172002,3.845138091978124,11.262343048672971,0,0,0,0,0,0,0,0,0,0,0,0,0,0,0,0,0,0,0,0,0,0,0,0,0,0,0,0,0,0,0,0,0,0,0,0,0,0,0,0,0,0,0,0,0,0,0,0,0,0,0,0,0,0,0,0,0,0,0,0,0,0,0,0,0,0,0,0,0,0,10.738341504468655,2.7676137898115094,2.7676137898115094,1.623666756689419,0,0,0,0,0,0,0,0,0,0,0,0,0,0,0,0,0,0,0,0,0,0,0,0,0,0,0,0,0,0,0,0,0,0,0,0,0,0,0,0,0,0,0,0,0,0,0,0,0,0,0,0,0,0,0,0,0,0,0,0,0,0,0,0,0,0,0,2.7676137898115094,7.830501949306698,7.830501949306698,7.830501949306698,7.830501949306698,15.664694050333145,0,0,0,0,0,0,0,0,0,0,0,0,0,0,0,0,0,0,0,0,0,0,0,0,0,0,0,0,0,0,0,0,0,0,0,0,0,0,0,0,0,0,0,0,0,0,0,0,0,0,0,0,0,0,0,0,0,0,0,0,0,0,0,0,0,0,0,0,0,0,12.177500675170641,0,0,0,0,0,0,0,0,0,0,0,0,0,0,0,0,0,0,0,0,31.550797203851207,0,0,0,0,0,0,0,0,0,0,0,0,0
17,41.3378671875,2.277105,0.0012889583333333331,1.602153909831681,13.242255,35.26453125,8.243775000000001,0.076015625,5.973750000000001,17.830636597222224,18.63292291666667,6.740868750000001,0,0,0,0,0,0,3.845625,0,0,0.24032308647475215,36.84953992612866,9.45888,0.0025079166666666665,0,0,0,0,0,0,0,0,0,0,18.132031250000004,7.665870000000001,0.0205078125,1.65657796875,0.391078125,0,0,0,72.24812734374999,104.68655208333331,0,0,28.668748437499996,0,0,24.793571428571436,48.6160046875,46.9810546875,0.9782812500000001,27.752481547619045,0,0,0,21.1727953125,4.802135416666665,38.176976562499995,0.4534765625,6.8021484375000005,0,0,0,0,0,0,0,0,0,65.44350145833332,101.8938375,3.258391666666667,83.32047229166666,21.419866071428576,61.11484375,9.191624166666667,27.05815234375001,0,0,0,31.20102734375001,118.51736395833335,118.51736395833335,118.51736395833335,106.75880866666665,106.75880866666665,106.75880866666665,106.75880866666665,10.42105682291667,11.957812500000001,40.75558671875,32.8100296875,14.58303515625,20.685549427083334,8.79462890625,11.726171875,61.11484375,10.73010234375,4.350625,0,0,2.2840781249999997,48.214209999999994,48.214209999999994,4.437562499999999,8.452499999999999,4.758397112200092,25.504574218750008,11.728125,16.378165833333338,14.187656249999998,0,0,0,8.791750000000002,7.948483333333335,150.5345625,0,0,0,0,0,143.059375,0,0,0,0,0,0,0,0,0,0,0,0,0,0,0,0,0,0,0,0,0,0,0,0,126.40660714285713,0,0,0,0,0,0,0,0,140.379453125,211.04041874999996,0,0,0,0,150.08654296875,71.335546875,140.51732988095236,146.27735937500003,0,0,0,0,0,0,0,0,0,0,144.20385,38.118187500000005,42.03890625000001,0,0,0,0,0,0,0,0,0,0,0,0,0,0,0,0,0,0,0,0,0,0,14.744062499999998,57.52968749999999,0,0,0,89.95781249999999,100.62421874999998,0,0,0,0,0,0,0,0,0,0,0,0,0,0,0,0,0,0,0,0,0,0,0,0,0,0,0,0,0,0,1.36490625,0,0,0,0,0,0,0,0,0,0,0,0,0,0,0,0,0,0,0,0,0,0,0,0,0,0,0,0,0,0,0,0,0,0,0,0,0,0,0,0,0,0,0,0,0.16822616053232653,3.6048462971212825,0.8811846504074247,1.2737123583161865,1.6694443740446117,4.889773732806291,0,0,0,0,0,0,0,0,0,0,0,0,0,0,0,0,0,0,0,0,0,0,0,0,0,0,0,0,0,0,0,0,0,0,0,0,0,0,0,0,0,0,0,0,0,0,0,0,0,0,0,0,0,0,0,0,0,0,0,0,0,0,0,0,0,0,0,0,0,0,4.6622678776101925,1.201615432373761,1.201615432373761,0.7049477203259398,0,0,0,0,0,0,0,0,0,0,0,0,0,0,0,0,0,0,0,0,0,0,0,0,0,0,0,0,0,0,0,0,0,0,0,0,0,0,0,0,0,0,0,0,0,0,0,0,0,0,0,0,0,0,0,0,0,0,0,0,0,0,0,0,0,0,0,1.201615432373761,3.3997705966628278,3.3997705966628278,3.3997705966628278,3.3997705966628278,6.801143347235488,0,0,0,0,0,0,0,0,0,0,0,0,0,0,0,0,0,0,0,0,0,0,0,0,0,0,0,0,0,0,0,0,0,0,0,0,0,0,0,0,0,0,0,0,0,0,0,0,0,0,0,0,0,0,0,0,0,0,0,0,0,0,0,0,0,0,0,0,0,0,5.287107902444548,0,0,0,0,0,0,0,0,0,0,0,0,0,0,0,0,0,0,0,0,13.698415929060873,0,0,0,0,0,0,0,0,0,0,0,0,0
18,23.1358203125,2.1130762500000007,0.011278385416666667,0.0,12.288363750000002,19.73671875,7.649943750000002,0.2117578125,5.543437500000001,45.779308611111105,20.133816666666668,7.283850000000001,0,0,0,0,0,0,0.4625,0,0,0.0,0.0,8.77752,0.021944270833333335,0,0,0,0,0,0,0,0,0,0,46.553125,7.113667500000002,0.05712890625,0.08696885416666668,0.02053125,0,0,0,92.26032812499999,133.68395833333332,0,0,36.60978125,0,0,41.80285714285714,40.23284062499999,40.966406250000006,1.2364453125000003,41.04032250000001,0,0,0,18.462193750000004,6.132291666666666,48.751718749999995,0.1736328125,2.6044921875,0,0,0,0,0,0,0,0,0,83.57087083333333,131.20477499999998,4.688333333333333,62.49587201388888,5.653125,62.16953125,9.352022222222221,23.688843749999997,0,0,0,27.315843749999996,83.06970541666668,83.06970541666668,83.06970541666668,70.6159645,70.6159645,70.6159645,70.6159645,9.123416249999998,23.593359374999995,40.62461249999999,14.524798437499998,15.907792968750002,61.863206562500004,7.845703124999997,10.460937499999996,62.16953125,32.0899640625,2.84375,0,0,1.49296875,31.891447500000005,31.891447500000005,4.515,8.6,0.0,22.328718749999997,16.875,14.338739999999998,7.753781249999998,0,0,0,12.65,11.436666666666667,145.90642499999996,0,0,0,0,0,129.93671874999998,0,0,0,0,0,0,0,0,0,0,0,0,0,0,0,0,0,0,0,0,0,0,0,0,99.47330357142856,0,0,0,0,0,0,0,0,136.06353124999998,191.84366249999997,0,0,0,0,145.4721796875,85.10390624999998,110.57747160714283,137.9622890625,0,0,0,0,0,0,0,0,0,0,130.97621249999997,1.6692968749999997,24.953906250000003,0,0,0,0,0,0,0,0,0,0,0,0,0,0,0,0,0,0,0,0,0,0,8.261718749999998,27.3568359375,0,0,0,67.078125,38.8634765625,0,0,0,0,0,0,0,0,0,0,0,0,0,0,0,0,0,0,0,0,0,0,0,0,0,0,0,0,0,0,1.320271875,0,0,0,0,0,0,0,0,0,0,0,0,0,0,0,0,0,0,0,0,0,0,0,0,0,0,0,0,0,0,0,0,0,0,0,0,0,0,0,0,0,0,0,0,0.0,0.0,0.0,0.0,0.0,0.0,0,0,0,0,0,0,0,0,0,0,0,0,0,0,0,0,0,0,0,0,0,0,0,0,0,0,0,0,0,0,0,0,0,0,0,0,0,0,0,0,0,0,0,0,0,0,0,0,0,0,0,0,0,0,0,0,0,0,0,0,0,0,0,0,0,0,0,0,0,0,0.0,0.0,0.0,0.0,0,0,0,0,0,0,0,0,0,0,0,0,0,0,0,0,0,0,0,0,0,0,0,0,0,0,0,0,0,0,0,0,0,0,0,0,0,0,0,0,0,0,0,0,0,0,0,0,0,0,0,0,0,0,0,0,0,0,0,0,0,0,0,0,0,0,0,0.0,0.0,0.0,0.0,0.0,0.0,0,0,0,0,0,0,0,0,0,0,0,0,0,0,0,0,0,0,0,0,0,0,0,0,0,0,0,0,0,0,0,0,0,0,0,0,0,0,0,0,0,0,0,0,0,0,0,0,0,0,0,0,0,0,0,0,0,0,0,0,0,0,0,0,0,0,0,0,0,0,0.0,0,0,0,0,0,0,0,0,0,0,0,0,0,0,0,0,0,0,0,0,0.0,0,0,0,0,0,0,0,0,0,0,0,0,0
19,6.269007812499999,2.2063475,0.019978854166666667,0.0,12.8307725,5.34796875,7.987612500000001,21.460296875,5.788125000000001,0.38259541666666674,25.107590625,9.083221875000001,0,0,0,0,0,0,2.461875,0,0,0.0,0.0,9.16496,0.03887270833333333,0,0,0,0,0,0,0,0,0,0,0.3890625000000001,7.427665000000001,5.7896484375,1.5648436979166669,0.369421875,0,0,0,88.60486328125,128.38723958333335,0,0,35.1592578125,0,0,48.41107142857142,30.24021484375,18.453515624999998,1.4132812499999998,68.41761440476189,0,0,0,8.316384375,5.889322916666667,46.8201171875,0.202109375,3.031640625,0,0,0,0,0,0,0,0,0,80.25969270833335,145.46905546874996,4.353117500000001,37.248207152777766,4.566294642857143,75.29453125,12.610277638888887,31.425109374999998,0,0,0,36.236609375,34.85483708333333,34.85483708333333,34.85483708333333,40.28247566666667,40.28247566666667,40.28247566666667,40.28247566666667,12.102927291666665,10.715625,20.5197375,13.94354140625,25.81526953125,15.675136458333336,8.6970703125,11.596093749999998,75.29453125,8.131078125,3.328750000000001,0,0,1.7475937500000005,18.192295,18.192295,6.0880312499999985,11.596249999999998,0.0,29.620796874999996,15.668437500000003,19.02146333333333,0.18228125,0,0,0,11.745525000000002,10.618945000000002,82.33942499999999,0,0,0,0,0,93.9296875,0,0,0,0,0,0,0,0,0,0,0,0,0,0,0,0,0,0,0,0,0,0,0,0,53.86741071428572,0,0,0,0,0,0,0,0,76.78478125,144.569175,0,0,0,0,82.0943671875,21.253710937499992,59.88060982142857,115.01535937500002,0,0,0,0,0,0,0,0,0,0,94.681125,41.524703124999995,10.912499999999998,0,0,0,0,0,0,0,0,0,0,0,0,0,0,0,0,0,0,0,0,0,0,4.012031250000001,3.20625,0,0,0,3.0890625,41.8857421875,0,0,0,0,0,0,0,0,0,0,0,0,0,0,0,0,0,0,0,0,0,0,0,0,0,0,0,0,0,0,4.3508812500000005,0,0,0,0,0,0,0,0,0,0,0,0,0,0,0,0,0,0,0,0,0,0,0,0,0,0,0,0,0,0,0,0,0,0,0,0,0,0,0,0,0,0,0,0,0.0,0.0,0.0,0.0,0.0,0.0,0,0,0,0,0,0,0,0,0,0,0,0,0,0,0,0,0,0,0,0,0,0,0,0,0,0,0,0,0,0,0,0,0,0,0,0,0,0,0,0,0,0,0,0,0,0,0,0,0,0,0,0,0,0,0,0,0,0,0,0,0,0,0,0,0,0,0,0,0,0,0.0,0.0,0.0,0.0,0,0,0,0,0,0,0,0,0,0,0,0,0,0,0,0,0,0,0,0,0,0,0,0,0,0,0,0,0,0,0,0,0,0,0,0,0,0,0,0,0,0,0,0,0,0,0,0,0,0,0,0,0,0,0,0,0,0,0,0,0,0,0,0,0,0,0,0.0,0.0,0.0,0.0,0.0,0.0,0,0,0,0,0,0,0,0,0,0,0,0,0,0,0,0,0,0,0,0,0,0,0,0,0,0,0,0,0,0,0,0,0,0,0,0,0,0,0,0,0,0,0,0,0,0,0,0,0,0,0,0,0,0,0,0,0,0,0,0,0,0,0,0,0,0,0,0,0,0,0.0,0,0,0,0,0,0,0,0,0,0,0,0,0,0,0,0,0,0,0,0,0.0,0,0,0,0,0,0,0,0,0,0,0,0,0
20,2.9515273437500005,2.225645,0.37057552083333334,0.0,12.942995000000002,2.5178906250000006,8.057475000000002,61.3424375,5.83875,0.048400624999999996,22.048662500000002,7.976587500000001,0,0,0,0,0,0,6.011875,0,0,0.0,0.0,9.24512,0.7210260416666667,0,0,0,0,0,0,0,0,0,0,0.04921875,7.492630000000001,16.54921875,1.2723662500000001,0.30037500000000006,0,0,0,39.068417187499996,56.60960416666667,0,0,15.502721875,0,0,34.45214285714287,5.09865625,1.2181640625,3.1270312500000004,75.52462035714285,0,0,0,0.5489859375000001,2.5967708333333333,20.644328125,0.5812109375000001,8.718164062500001,0,0,0,0,0,0,0,0,0,35.38879291666667,120.28419609374998,3.2044758333333334,17.673718541666663,2.132142857142857,94.30703125000001,18.477040416666668,18.203410156250005,0,0,0,20.990535156250004,65.63941375,65.63941375,65.63941375,8.199555166666668,8.199555166666668,8.199555166666668,8.199555166666668,7.010780677083335,9.1048828125,15.541387499999999,29.017629687499998,16.8366796875,5.577115468750001,2.3510742187500004,3.1347656250000004,94.30703125000001,2.8929867187500005,2.6875000000000004,0,0,1.4109375000000002,3.703067500000001,3.703067500000001,8.92040625,16.99125,0.0,17.158238281250004,11.534062500000001,11.018434166666669,2.89928125,0,0,0,8.646275000000001,7.816961666666668,92.47927499999999,0,0,0,0,0,79.71953125000002,0,0,0,0,0,0,0,0,0,0,0,0,0,0,0,0,0,0,0,0,0,0,0,0,43.99232142857144,0,0,0,0,0,0,0,0,86.24059375,54.1443,0,0,0,0,92.2040390625,22.586718750000003,48.90316797619048,88.16305859374998,0,0,0,0,0,0,0,0,0,0,80.35728750000001,25.442671875,13.59421875,0,0,0,0,0,0,0,0,0,0,0,0,0,0,0,0,0,0,0,0,0,0,9.389765625,25.248046875000007,0,0,0,5.763281250000002,97.76249999999999,0,0,0,0,0,0,0,0,0,0,0,0,0,0,0,0,0,0,0,0,0,0,0,0,0,0,0,0,0,0,49.419309375000005,0,0,0,0,0,0,0,0,0,0,0,0,0,0,0,0,0,0,0,0,0,0,0,0,0,0,0,0,0,0,0,0,0,0,0,0,0,0,0,0,0,0,0,0,0.0,0.0,0.0,0.0,0.0,0.0,0,0,0,0,0,0,0,0,0,0,0,0,0,0,0,0,0,0,0,0,0,0,0,0,0,0,0,0,0,0,0,0,0,0,0,0,0,0,0,0,0,0,0,0,0,0,0,0,0,0,0,0,0,0,0,0,0,0,0,0,0,0,0,0,0,0,0,0,0,0,0.0,0.0,0.0,0.0,0,0,0,0,0,0,0,0,0,0,0,0,0,0,0,0,0,0,0,0,0,0,0,0,0,0,0,0,0,0,0,0,0,0,0,0,0,0,0,0,0,0,0,0,0,0,0,0,0,0,0,0,0,0,0,0,0,0,0,0,0,0,0,0,0,0,0,0.0,0.0,0.0,0.0,0.0,0.0,0,0,0,0,0,0,0,0,0,0,0,0,0,0,0,0,0,0,0,0,0,0,0,0,0,0,0,0,0,0,0,0,0,0,0,0,0,0,0,0,0,0,0,0,0,0,0,0,0,0,0,0,0,0,0,0,0,0,0,0,0,0,0,0,0,0,0,0,0,0,0.0,0,0,0,0,0,0,0,0,0,0,0,0,0,0,0,0,0,0,0,0,0.0,0,0,0,0,0,0,0,0,0,0,0,0,0
21,0.45826562500000007,1.2554095833333334,1.5219375520833336,0.0,7.300697083333334,0.39093750000000005,4.544943750000001,89.69083593750001,3.2934375000000005,0.013828750000000002,10.860528124999998,3.9290343749999996,0,0,0,0,0,0,0.001875,0,0,0.0,0.0,5.214853333333333,2.961222604166667,0,0,0,0,0,0,0,0,0,0,0.014062500000000004,4.226334166666668,24.19716796875,2.0282804687500002,0.478828125,0,0,0,4.44689453125,6.443489583333334,0,0,1.7645703125000003,0,0,48.677499999999995,7.909792968750001,2.5787109375,2.96859375,73.85660857142857,0,0,0,1.1621390624999999,0.2955729166666667,2.3498046875000003,0.8223437499999999,12.335156249999999,0,0,0,0,0,0,0,0,0,4.028067708333333,135.45598828124997,1.1404370833333333,4.588157013888889,1.3238839285714283,85.28671875,3.149510972222222,0.2334921875,0,0,0,0.2692421875,5.422544583333332,5.422544583333332,5.422544583333332,0.46271950000000006,0.46271950000000006,0.46271950000000006,0.46271950000000006,0.08992614583333333,4.428515625,6.916369531249999,16.875166406250003,0.9483398437500002,0.45499671875000003,0.026367187500000003,0.03515625,85.28671875,0.23601796875000003,2.1843749999999997,0,0,1.1467968749999997,0.20897250000000003,0.20897250000000003,1.52053125,2.8962499999999998,0.0,0.22008593750000002,4.10484375,0.14133166666666666,15.064031250000003,0,0,0,3.0771125,2.781969166666667,57.87101250000001,0,0,0,0,0,14.9296875,0,0,0,0,0,0,0,0,0,0,0,0,0,0,0,0,0,0,0,0,0,0,0,0,36.74973214285715,0,0,0,0,0,0,0,0,53.967015625000016,145.27275000000003,0,0,0,0,57.698777343750024,18.8806640625,40.85209113095239,4.1377109375000005,0,0,0,0,0,0,0,0,0,0,15.049124999999998,21.998421875000002,49.05796875,0,0,0,0,0,0,0,0,0,0,0,0,0,0,0,0,0,0,0,0,0,0,25.745859375,65.08710937500001,0,0,0,0.18984374999999998,75.77460937500001,0,0,0,0,0,0,0,0,0,0,0,0,0,0,0,0,0,0,0,0,0,0,0,0,0,0,0,0,0,0,43.279171875,0,0,0,0,0,0,0,0,0,0,0,0,0,0,0,0,0,0,0,0,0,0,0,0,0,0,0,0,0,0,0,0,0,0,0,0,0,0,0,0,0,0,0,0,0.0,0.0,0.0,0.0,0.0,0.0,0,0,0,0,0,0,0,0,0,0,0,0,0,0,0,0,0,0,0,0,0,0,0,0,0,0,0,0,0,0,0,0,0,0,0,0,0,0,0,0,0,0,0,0,0,0,0,0,0,0,0,0,0,0,0,0,0,0,0,0,0,0,0,0,0,0,0,0,0,0,0.0,0.0,0.0,0.0,0,0,0,0,0,0,0,0,0,0,0,0,0,0,0,0,0,0,0,0,0,0,0,0,0,0,0,0,0,0,0,0,0,0,0,0,0,0,0,0,0,0,0,0,0,0,0,0,0,0,0,0,0,0,0,0,0,0,0,0,0,0,0,0,0,0,0,0.0,0.0,0.0,0.0,0.0,0.0,0,0,0,0,0,0,0,0,0,0,0,0,0,0,0,0,0,0,0,0,0,0,0,0,0,0,0,0,0,0,0,0,0,0,0,0,0,0,0,0,0,0,0,0,0,0,0,0,0,0,0,0,0,0,0,0,0,0,0,0,0,0,0,0,0,0,0,0,0,0,0.0,0,0,0,0,0,0,0,0,0,0,0,0,0,0,0,0,0,0,0,0,0.0,0,0,0,0,0,0,0,0,0,0,0,0,0
22,1.111046875,0.22084916666666668,3.77310328125,0.0,1.2843241666666667,0.9478125000000001,0.7995375,105.4890546875,0.579375,0.0,1.5872395833333335,0.57421875,0,0,0,0,0,0,0.10562500000000002,0,0,0.0,0.0,0.9173866666666667,7.3412990625,0,0,0,0,0,0,0,0,0,0,0.0,0.7434883333333334,28.45927734375,1.7524819791666664,0.4137187499999999,0,0,0,1.8571171874999999,2.6909375,0,0,0.7369218750000001,0,0,27.237142857142864,2.09499765625,44.19375,2.9915625,62.50800083333333,0,0,0,19.916650000000004,0.1234375,0.981328125,0.4681249999999999,7.021874999999999,0,0,0,0,0,0,0,0,0,1.6822062500000001,133.69507734375,0.14299416666666664,1.0311655555555554,0.0,101.21640625,3.396904583333334,0.27186328125,0,0,0,0.31348828124999994,0.33424020833333334,0.33424020833333334,0.33424020833333334,0.3126203333333334,0.3126203333333334,0.3126203333333334,0.3126203333333334,0.10470421874999998,0.0240234375,5.815388281250001,37.7875546875,0.22371093749999998,0.026337135416666664,0.44736328125,0.596484375,101.21640625,0.01366171875,0.9875000000000002,0,0,0.5184375000000001,0.14118500000000003,0.14118500000000003,1.63996875,3.1237500000000002,0.0,0.25625390625,0.5146875,0.16455749999999997,1.2670624999999998,0,0,0,0.385825,0.34881833333333334,23.425762499999998,0,0,0,0,0,14.89140625,0,0,0,0,0,0,0,0,0,0,0,0,0,0,0,0,0,0,0,0,0,0,0,0,96.50410714285714,0,0,0,0,0,0,0,0,21.845453125,56.17648125000001,0,0,0,0,23.35604296875,32.412890625,107.27682488095236,4.500890625,0,0,0,0,0,0,0,0,0,0,15.010537499999998,31.393562499999998,57.61546875,0,0,0,0,0,0,0,0,0,0,0,0,0,0,0,0,0,0,0,0,0,0,35.199609375,41.20957031249999,0,0,0,32.54765625,35.626171875000004,0,0,0,0,0,0,0,0,0,0,0,0,0,0,0,0,0,0,0,0,0,0,0,0,0,0,0,0,0,0,3.667134375,0,0,0,0,0,0,0,0,0,0,0,0,0,0,0,0,0,0,0,0,0,0,0,0,0,0,0,0,0,0,0,0,0,0,0,0,0,0,0,0,0,0,0,0,0.0,0.0,0.0,0.0,0.0,0.0,0,0,0,0,0,0,0,0,0,0,0,0,0,0,0,0,0,0,0,0,0,0,0,0,0,0,0,0,0,0,0,0,0,0,0,0,0,0,0,0,0,0,0,0,0,0,0,0,0,0,0,0,0,0,0,0,0,0,0,0,0,0,0,0,0,0,0,0,0,0,0.0,0.0,0.0,0.0,0,0,0,0,0,0,0,0,0,0,0,0,0,0,0,0,0,0,0,0,0,0,0,0,0,0,0,0,0,0,0,0,0,0,0,0,0,0,0,0,0,0,0,0,0,0,0,0,0,0,0,0,0,0,0,0,0,0,0,0,0,0,0,0,0,0,0,0.0,0.0,0.0,0.0,0.0,0.0,0,0,0,0,0,0,0,0,0,0,0,0,0,0,0,0,0,0,0,0,0,0,0,0,0,0,0,0,0,0,0,0,0,0,0,0,0,0,0,0,0,0,0,0,0,0,0,0,0,0,0,0,0,0,0,0,0,0,0,0,0,0,0,0,0,0,0,0,0,0,0.0,0,0,0,0,0,0,0,0,0,0,0,0,0,0,0,0,0,0,0,0,0.0,0,0,0,0,0,0,0,0,0,0,0,0,0
23,0.26127734375000006,0.0,1.4288103124999998,0.0,0.0,0.22289062500000004,0.0,28.843585937500002,0.0,0.0,0.3866515625000001,0.13987968750000004,0,0,0,0,0,0,0.308125,0,0,0.0,0.0,0.0,2.7800256249999995,0,0,0,0,0,0,0,0,0,0,0.0,0.0,7.78154296875,0.0,0.0,0,0,0,22.56985078125,32.70340625,0,0,8.9559328125,0,0,13.389642857142858,2.0611476562499997,30.864843750000002,0.5206640625,45.93687380952381,0,0,0,13.909756250000001,1.50015625,11.926242187500002,0.20195312500000004,3.0292968750000004,0,0,0,0,0,0,0,0,0,20.444129375000003,127.38984374999998,0.7196591666666666,12.050864583333333,2.5828125,112.04765624999999,4.088791111111111,6.4512421875,0,0,0,7.438992187499999,8.341639583333333,8.341639583333333,8.341639583333333,0.018633,0.018633,0.018633,0.018633,2.4846028125,5.0853515625000005,7.210895312500001,20.95488125,1.3986796875000003,0.27245312499999996,1.5524414062500003,2.0699218750000004,112.04765624999999,0.141328125,0.6643749999999998,0,0,0.3487968749999999,0.008415,0.008415,1.9739999999999998,3.76,0.0,6.0808359375,2.5903125,3.904905,0.4144375,0,0,0,1.941775,1.7555283333333334,13.3646625,0,0,0,0,0,8.40859375,0,0,0,0,0,0,0,0,0,0,0,0,0,0,0,0,0,0,0,0,0,0,0,0,67.12633928571428,0,0,0,0,0,0,0,0,12.463078125000001,40.57725,0,0,0,0,13.32488671875,80.9326171875,74.61962767857142,3.6769960937499997,0,0,0,0,0,0,0,0,0,0,8.4758625,59.30621875,30.996093750000007,0,0,0,0,0,0,0,0,0,0,0,0,0,0,0,0,0,0,0,0,0,0,44.831953125,40.284960937499996,0,0,0,62.53359375000001,21.210351562499998,0,0,0,0,0,0,0,0,0,0,0,0,0,0,0,0,0,0,0,0,0,0,0,0,0,0,0,0,0,0,0.456046875,0,0,0,0,0,0,0,0,0,0,0,0,0,0,0,0,0,0,0,0,0,0,0,0,0,0,0,0,0,0,0,0,0,0,0,0,0,0,0,0,0,0,0,0,0.0,0.0,0.0,0.0,0.0,0.0,0,0,0,0,0,0,0,0,0,0,0,0,0,0,0,0,0,0,0,0,0,0,0,0,0,0,0,0,0,0,0,0,0,0,0,0,0,0,0,0,0,0,0,0,0,0,0,0,0,0,0,0,0,0,0,0,0,0,0,0,0,0,0,0,0,0,0,0,0,0,0.0,0.0,0.0,0.0,0,0,0,0,0,0,0,0,0,0,0,0,0,0,0,0,0,0,0,0,0,0,0,0,0,0,0,0,0,0,0,0,0,0,0,0,0,0,0,0,0,0,0,0,0,0,0,0,0,0,0,0,0,0,0,0,0,0,0,0,0,0,0,0,0,0,0,0.0,0.0,0.0,0.0,0.0,0.0,0,0,0,0,0,0,0,0,0,0,0,0,0,0,0,0,0,0,0,0,0,0,0,0,0,0,0,0,0,0,0,0,0,0,0,0,0,0,0,0,0,0,0,0,0,0,0,0,0,0,0,0,0,0,0,0,0,0,0,0,0,0,0,0,0,0,0,0,0,0,0.0,0,0,0,0,0,0,0,0,0,0,0,0,0,0,0,0,0,0,0,0,0.0,0,0,0,0,0,0,0,0,0,0,0,0,0
